row_id,folder,categories,planned_destination,categories_to_clear,result,reason
U001,Sent Items,,Sent Items,AI Needs Review,PASS,
U002,Sent Items,,Sent Items,AI Needs Review,PASS,
U003,Sent Items,,Sent Items,AI Needs Review,PASS,
U004,Inbox/9 - FORT WORTH ARCHIVE,,9 - FORT WORTH ARCHIVE,AI Needs Review,PASS,
U005,Inbox/9 - FORT WORTH ARCHIVE,,9 - FORT WORTH ARCHIVE,AI Needs Review,PASS,
U006,Inbox/9 - FORT WORTH ARCHIVE,,9 - FORT WORTH ARCHIVE,AI Needs Review,PASS,
U007,Inbox/9 - FORT WORTH ARCHIVE,,9 - FORT WORTH ARCHIVE,AI Needs Review,PASS,
U008,Inbox/9 - FORT WORTH ARCHIVE,,9 - FORT WORTH ARCHIVE,AI Needs Review,PASS,
U009,Inbox/9 - FORT WORTH ARCHIVE,,9 - FORT WORTH ARCHIVE,AI Needs Review,PASS,
U010,Inbox/9 - FORT WORTH ARCHIVE,,9 - FORT WORTH ARCHIVE,AI Needs Review,PASS,
U011,Inbox/9 - FORT WORTH ARCHIVE,,9 - FORT WORTH ARCHIVE,AI Needs Review,PASS,
U012,Inbox/9 - FORT WORTH ARCHIVE,,9 - FORT WORTH ARCHIVE,AI Needs Review,PASS,
U013,Inbox/9 - FORT WORTH ARCHIVE,,9 - FORT WORTH ARCHIVE,AI Needs Review,PASS,
U014,Inbox/9 - FORT WORTH ARCHIVE,,9 - FORT WORTH ARCHIVE,AI Needs Review,PASS,
U015,Inbox/9 - FORT WORTH ARCHIVE,,9 - FORT WORTH ARCHIVE,AI Needs Review,PASS,
U016,Inbox/9 - FORT WORTH ARCHIVE,,9 - FORT WORTH ARCHIVE,AI Needs Review,PASS,
U017,Inbox/9 - FORT WORTH ARCHIVE,,9 - FORT WORTH ARCHIVE,AI Needs Review,PASS,
U018,Inbox/9 - FORT WORTH ARCHIVE,,9 - FORT WORTH ARCHIVE,AI Needs Review,PASS,
U019,Sent Items,,Sent Items,AI Needs Review,PASS,
U020,Sent Items,,Sent Items,AI Needs Review,PASS,
U021,Sent Items,,Sent Items,AI Needs Review,PASS,
U022,Inbox/9 - FORT WORTH ARCHIVE,,9 - FORT WORTH ARCHIVE,AI Needs Review,PASS,
U023,Inbox/9 - FORT WORTH ARCHIVE,,9 - FORT WORTH ARCHIVE,AI Needs Review,PASS,
U024,Inbox/9 - FORT WORTH ARCHIVE,,9 - FORT WORTH ARCHIVE,AI Needs Review,PASS,
U025,Inbox/9 - FORT WORTH ARCHIVE,,9 - FORT WORTH ARCHIVE,AI Needs Review,PASS,
U026,Inbox/9 - FORT WORTH ARCHIVE,,9 - FORT WORTH ARCHIVE,AI Needs Review,PASS,
U027,Inbox/9 - FORT WORTH ARCHIVE,,9 - FORT WORTH ARCHIVE,AI Needs Review,PASS,
U028,Inbox/9 - FORT WORTH ARCHIVE,,9 - FORT WORTH ARCHIVE,AI Needs Review,PASS,
U029,Inbox/9 - FORT WORTH ARCHIVE,,9 - FORT WORTH ARCHIVE,AI Needs Review,PASS,
U030,Inbox/9 - FORT WORTH ARCHIVE,,9 - FORT WORTH ARCHIVE,AI Needs Review,PASS,
U031,Inbox/9 - FORT WORTH ARCHIVE,,9 - FORT WORTH ARCHIVE,AI Needs Review,PASS,
U032,Inbox/9 - FORT WORTH ARCHIVE,,9 - FORT WORTH ARCHIVE,AI Needs Review,PASS,
U033,Inbox/9 - FORT WORTH ARCHIVE,,9 - FORT WORTH ARCHIVE,AI Needs Review,PASS,
U034,Inbox/9 - FORT WORTH ARCHIVE,,9 - FORT WORTH ARCHIVE,AI Needs Review,PASS,
U035,Inbox/9 - FORT WORTH ARCHIVE,,9 - FORT WORTH ARCHIVE,AI Needs Review,PASS,
U036,Inbox/9 - FORT WORTH ARCHIVE,,9 - FORT WORTH ARCHIVE,AI Needs Review,PASS,
U037,Inbox/9 - FORT WORTH ARCHIVE,,9 - FORT WORTH ARCHIVE,AI Needs Review,PASS,
U038,Inbox/9 - FORT WORTH ARCHIVE,,9 - FORT WORTH ARCHIVE,AI Needs Review,PASS,
U039,Inbox/9 - FORT WORTH ARCHIVE,,9 - FORT WORTH ARCHIVE,AI Needs Review,PASS,
U040,Inbox/9 - FORT WORTH ARCHIVE,,9 - FORT WORTH ARCHIVE,AI Needs Review,PASS,
U041,Inbox/9 - FORT WORTH ARCHIVE,,9 - FORT WORTH ARCHIVE,AI Needs Review,PASS,
U042,Inbox/9 - FORT WORTH ARCHIVE,,9 - FORT WORTH ARCHIVE,AI Needs Review,PASS,
U043,Sent Items,,Sent Items,AI Needs Review,PASS,
U044,Sent Items,,Sent Items,AI Needs Review,PASS,
U045,Inbox/9 - FORT WORTH ARCHIVE,,9 - FORT WORTH ARCHIVE,AI Needs Review,PASS,
U046,Inbox/9 - FORT WORTH ARCHIVE,,9 - FORT WORTH ARCHIVE,AI Needs Review,PASS,
U047,Inbox/9 - FORT WORTH ARCHIVE,,9 - FORT WORTH ARCHIVE,AI Needs Review,PASS,
U048,Inbox/9 - FORT WORTH ARCHIVE,,9 - FORT WORTH ARCHIVE,AI Needs Review,PASS,
U049,Inbox/9 - FORT WORTH ARCHIVE,,9 - FORT WORTH ARCHIVE,AI Needs Review,PASS,
U050,Inbox,,Inbox,AI Needs Review,PASS,
U051,Inbox,,Inbox,AI Needs Review,PASS,
U052,Inbox,,Inbox,AI Needs Review,PASS,
U053,Inbox,,Inbox,AI Needs Review,PASS,
U054,Sent Items,,Sent Items,AI Needs Review,PASS,
U055,Inbox,,Inbox,AI Needs Review,PASS,
U056,Inbox,,Inbox,AI Needs Review,PASS,
U057,Sent Items,,Sent Items,AI Needs Review,PASS,
U058,Inbox,,Inbox,AI Needs Review,PASS,
U059,Inbox,,Inbox,AI Needs Review,PASS,
U060,Inbox,,Inbox,AI Needs Review,PASS,
U061,Inbox,,Inbox,AI Needs Review,PASS,
U062,Inbox,,Inbox,AI Needs Review,PASS,
U063,Inbox,,Inbox,AI Needs Review,PASS,
U064,Inbox,,Inbox,AI Needs Review,PASS,
U065,Sent Items,,Sent Items,AI Needs Review,PASS,
U066,Sent Items,,Sent Items,AI Needs Review,PASS,
U067,Sent Items,,Sent Items,AI Needs Review,PASS,
U068,Inbox,,Inbox,AI Needs Review,PASS,
U069,Inbox,,Inbox,AI Needs Review,PASS,
U070,Inbox,,Inbox,AI Needs Review,PASS,
U071,Inbox,,Inbox,AI Needs Review,PASS,
U072,Inbox,,Inbox,AI Needs Review,PASS,
U073,Inbox,,Inbox,AI Needs Review,PASS,
U074,Inbox,,Inbox,AI Needs Review,PASS,
U075,Inbox,,Inbox,AI Needs Review,PASS,
U076,Inbox,,Inbox,AI Needs Review,PASS,
U077,Inbox,,Inbox,AI Needs Review,PASS,
U078,Sent Items,,Sent Items,AI Needs Review,PASS,
U079,Inbox,,Inbox,AI Needs Review,PASS,
U080,Inbox,,Inbox,AI Needs Review,PASS,
U081,Sent Items,,Sent Items,AI Needs Review,PASS,
U082,Inbox,,Inbox,AI Needs Review,PASS,
U083,Inbox,,Inbox,AI Needs Review,PASS,
U084,Inbox,,Inbox,AI Needs Review,PASS,
U085,Inbox,,Inbox,AI Needs Review,PASS,
U086,Inbox,,Inbox,AI Needs Review,PASS,
U087,Inbox,,Inbox,AI Needs Review,PASS,
U088,Inbox,,Inbox,AI Needs Review,PASS,
U089,Inbox,,Inbox,AI Needs Review,PASS,
U090,Inbox,,Inbox,AI Needs Review,PASS,
U091,Inbox,,Inbox,AI Needs Review,PASS,
U092,Inbox/9 - FORT WORTH ARCHIVE,,9 - FORT WORTH ARCHIVE,AI Needs Review,PASS,
U093,Inbox,,Inbox,AI Needs Review,PASS,
U094,Inbox,,Inbox,AI Needs Review,PASS,
U095,Inbox,,Inbox,AI Needs Review,PASS,
U096,Inbox,,Inbox,AI Needs Review,PASS,
U097,Inbox,,Inbox,AI Needs Review,PASS,
U098,Inbox,,Inbox,AI Needs Review,PASS,
U099,Inbox,,Inbox,AI Needs Review,PASS,
U100,Inbox,,Inbox,AI Needs Review,PASS,
U101,Inbox,,Inbox,AI Needs Review,PASS,
U102,Inbox,,Inbox,AI Needs Review,PASS,
U103,Inbox,,Inbox,AI Needs Review,PASS,
U104,Inbox,,Inbox,AI Needs Review,PASS,
U105,Inbox,,Inbox,AI Needs Review,PASS,
U106,Inbox,,Inbox,AI Needs Review,PASS,
U107,Sent Items,,Sent Items,AI Needs Review,PASS,
U108,Inbox,,Inbox,AI Needs Review,PASS,
U109,Inbox,,Inbox,AI Needs Review,PASS,
U110,Inbox,,Inbox,AI Needs Review,PASS,
U111,Inbox,,Inbox,AI Needs Review,PASS,
U112,Inbox,,Inbox,AI Needs Review,PASS,
U113,Inbox,,Inbox,AI Needs Review,PASS,
U114,Inbox,,Inbox,AI Needs Review,PASS,
U115,Inbox,,Inbox,AI Needs Review,PASS,
U116,Inbox,,Inbox,AI Needs Review,PASS,
U117,Sent Items,,Sent Items,AI Needs Review,PASS,
U118,Inbox,,Inbox,AI Needs Review,PASS,
U119,Inbox,,Inbox,AI Needs Review,PASS,
U120,Inbox,,Inbox,AI Needs Review,PASS,
U121,Inbox,,Inbox,AI Needs Review,PASS,
U122,Junk Email,,UNNAMED (FID 0x0113),AI Needs Review,PASS,
U123,Inbox,,Inbox,AI Needs Review,PASS,
U124,Inbox,,Inbox,AI Needs Review,PASS,
U125,Inbox,,Inbox,AI Needs Review,PASS,
U126,Sent Items,,Sent Items,AI Needs Review,PASS,
U127,Inbox,,Inbox,AI Needs Review,PASS,
U128,Inbox,,Inbox,AI Needs Review,PASS,
U129,Inbox,,Inbox,AI Needs Review,PASS,
U130,Inbox,,Inbox,AI Needs Review,PASS,
U131,Inbox,,Inbox,AI Needs Review,PASS,
U132,Inbox,,Inbox,AI Needs Review,PASS,
U133,Inbox,,Inbox,AI Needs Review,PASS,
U134,Inbox,,Inbox,AI Needs Review,PASS,
U135,Inbox,,Inbox,AI Needs Review,PASS,
U136,Inbox,,Inbox,AI Needs Review,PASS,
U137,Inbox,,Inbox,AI Needs Review,PASS,
U138,Inbox,,Inbox,AI Needs Review,PASS,
U139,Inbox,,Inbox,AI Needs Review,PASS,
U140,Inbox,,Inbox,AI Needs Review,PASS,
U141,Inbox,,Inbox,AI Needs Review,PASS,
U142,Inbox,,Inbox,AI Needs Review,PASS,
U143,Inbox,,Inbox,AI Needs Review,PASS,
U144,Inbox,,Inbox,AI Needs Review,PASS,
U145,Inbox,,Inbox,AI Needs Review,PASS,
U146,Inbox,,Inbox,AI Needs Review,PASS,
U147,Inbox,,Inbox,AI Needs Review,PASS,
U148,Inbox,,Inbox,AI Needs Review,PASS,
U149,Inbox,,Inbox,AI Needs Review,PASS,
U150,Inbox,,Inbox,AI Needs Review,PASS,
U151,Inbox,,Inbox,AI Needs Review,PASS,
U152,Inbox,,Inbox,AI Needs Review,PASS,
U153,Inbox,,Inbox,AI Needs Review,PASS,
U154,Inbox,,Inbox,AI Needs Review,PASS,
U155,Inbox,,Inbox,AI Needs Review,PASS,
U156,Inbox,,Inbox,AI Needs Review,PASS,
U157,Inbox,,Inbox,AI Needs Review,PASS,
U158,Inbox,,Inbox,AI Needs Review,PASS,
U159,Inbox,,Inbox,AI Needs Review,PASS,
U160,Inbox,,Inbox,AI Needs Review,PASS,
U161,Inbox,,Inbox,AI Needs Review,PASS,
U162,Inbox,,Inbox,AI Needs Review,PASS,
U163,Inbox,,Inbox,AI Needs Review,PASS,
U164,Inbox,,Inbox,AI Needs Review,PASS,
U165,Inbox,,Inbox,AI Needs Review,PASS,
U166,Inbox,,Inbox,AI Needs Review,PASS,
U167,Inbox,,Inbox,AI Needs Review,PASS,
U168,Inbox,,Inbox,AI Needs Review,PASS,
U169,Inbox,,Inbox,AI Needs Review,PASS,
U170,Inbox,,Inbox,AI Needs Review,PASS,
U171,Inbox,,Inbox,AI Needs Review,PASS,
U172,Inbox,,Inbox,AI Needs Review,PASS,
U173,Inbox,,Inbox,AI Needs Review,PASS,
U174,Inbox,,Inbox,AI Needs Review,PASS,
U175,Inbox,,Inbox,AI Needs Review,PASS,
U176,Inbox,,Inbox,AI Needs Review,PASS,
U177,Inbox,,Inbox,AI Needs Review,PASS,
U178,Inbox,,Inbox,AI Needs Review,PASS,
U179,Inbox,,Inbox,AI Needs Review,PASS,
U180,Inbox,,Inbox,AI Needs Review,PASS,
U181,Inbox,,Inbox,AI Needs Review,PASS,
U182,Inbox,,Inbox,AI Needs Review,PASS,
U183,Inbox,,Inbox,AI Needs Review,PASS,
U184,Inbox,,Inbox,AI Needs Review,PASS,
U185,Inbox,,Inbox,AI Needs Review,PASS,
U186,Inbox,,Inbox,AI Needs Review,PASS,
U187,Inbox,,Inbox,AI Needs Review,PASS,
U188,Inbox,,Inbox,AI Needs Review,PASS,
U189,Inbox,,Inbox,AI Needs Review,PASS,
U190,Inbox,,Inbox,AI Needs Review,PASS,
U191,Inbox,,Inbox,AI Needs Review,PASS,
U192,Inbox,,Inbox,AI Needs Review,PASS,
U193,Inbox,,Inbox,AI Needs Review,PASS,
U194,Inbox,,Inbox,AI Needs Review,PASS,
U195,Inbox,,Inbox,AI Needs Review,PASS,
U196,Inbox,,Inbox,AI Needs Review,PASS,
U197,Inbox,,Inbox,AI Needs Review,PASS,
U198,Inbox,,Inbox,AI Needs Review,PASS,
U199,Inbox,,Inbox,AI Needs Review,PASS,
U200,Inbox,,Inbox,AI Needs Review,PASS,
U201,Inbox,,Inbox,AI Needs Review,PASS,
U202,Inbox,,Inbox,AI Needs Review,PASS,
U203,Inbox,,Inbox,AI Needs Review,PASS,
U204,Inbox,,Inbox,AI Needs Review,PASS,
U205,Inbox,,Inbox,AI Needs Review,PASS,
U206,Inbox,,Inbox,AI Needs Review,PASS,
U207,Inbox,,Inbox,AI Needs Review,PASS,
U208,Inbox,,Inbox,AI Needs Review,PASS,
U209,Inbox,,Inbox,AI Needs Review,PASS,
U210,Inbox,,Inbox,AI Needs Review,PASS,
U211,Inbox,,Inbox,AI Needs Review,PASS,
U212,Inbox,,Inbox,AI Needs Review,PASS,
U213,Inbox,,Inbox,AI Needs Review,PASS,
U214,Inbox,,Inbox,AI Needs Review,PASS,
U215,Inbox,,Inbox,AI Needs Review,PASS,
U216,Inbox,,Inbox,AI Needs Review,PASS,
U217,Inbox,,Inbox,AI Needs Review,PASS,
U218,Inbox,,Inbox,AI Needs Review,PASS,
U219,Inbox,,Inbox,AI Needs Review,PASS,
U220,Inbox,,Inbox,AI Needs Review,PASS,
U221,Inbox,,Inbox,AI Needs Review,PASS,
U222,Inbox,,Inbox,AI Needs Review,PASS,
U223,Inbox,,Inbox,AI Needs Review,PASS,
U224,Inbox,,Inbox,AI Needs Review,PASS,
U225,Inbox,,Inbox,AI Needs Review,PASS,
U226,Inbox,,Inbox,AI Needs Review,PASS,
U227,Inbox,,Inbox,AI Needs Review,PASS,
U228,Inbox,,Inbox,AI Needs Review,PASS,
U229,Inbox,,Inbox,AI Needs Review,PASS,
U230,Inbox,,Inbox,AI Needs Review,PASS,
U231,Inbox,,Inbox,AI Needs Review,PASS,
U232,Inbox,,Inbox,AI Needs Review,PASS,
U233,Inbox,,Inbox,AI Needs Review,PASS,
N001,Inbox/9 - FORT WORTH ARCHIVE,,9 - FORT WORTH ARCHIVE,Entered in AI,PASS,
N002,Inbox/9 - FORT WORTH ARCHIVE,,9 - FORT WORTH ARCHIVE,Entered in AI,PASS,
N003,Inbox/9 - FORT WORTH ARCHIVE,,9 - FORT WORTH ARCHIVE,AI Skipped 2,PASS,
N004,Inbox/9 - FORT WORTH ARCHIVE,,9 - FORT WORTH ARCHIVE,Entered in AI,PASS,
N005,Inbox/9 - FORT WORTH ARCHIVE,,9 - FORT WORTH ARCHIVE,AI Skipped 2,PASS,
N006,Inbox/9 - FORT WORTH ARCHIVE,,9 - FORT WORTH ARCHIVE,Entered in AI,PASS,
N007,Inbox/9 - FORT WORTH ARCHIVE,,9 - FORT WORTH ARCHIVE,AI Skipped 2,PASS,
N008,Inbox/9 - FORT WORTH ARCHIVE,,9 - FORT WORTH ARCHIVE,AI Skipped 2,PASS,
N009,Inbox/9 - FORT WORTH ARCHIVE,,9 - FORT WORTH ARCHIVE,AI Skipped 2,PASS,
N010,Inbox/9 - FORT WORTH ARCHIVE,,9 - FORT WORTH ARCHIVE,Entered with issues,PASS,
N011,Inbox/9 - FORT WORTH ARCHIVE,,9 - FORT WORTH ARCHIVE,Entered in AI,PASS,
N012,Inbox/9 - FORT WORTH ARCHIVE,,9 - FORT WORTH ARCHIVE,Entered in AI,PASS,
N013,Inbox/9 - FORT WORTH ARCHIVE,,9 - FORT WORTH ARCHIVE,AI Skipped 2,PASS,
N014,Inbox/9 - FORT WORTH ARCHIVE,,9 - FORT WORTH ARCHIVE,AI Skipped 2,PASS,
N015,Inbox/9 - FORT WORTH ARCHIVE,,9 - FORT WORTH ARCHIVE,AI Skipped 2,PASS,
N016,Inbox/9 - FORT WORTH ARCHIVE,,9 - FORT WORTH ARCHIVE,AI Skipped 2,PASS,
N017,Inbox/9 - FORT WORTH ARCHIVE,,9 - FORT WORTH ARCHIVE,Entered in AI,PASS,
N018,Inbox/9 - FORT WORTH ARCHIVE,,9 - FORT WORTH ARCHIVE,Entered in AI,PASS,
N019,Inbox/9 - FORT WORTH ARCHIVE,,9 - FORT WORTH ARCHIVE,Entered in AI,PASS,
N020,Inbox/9 - FORT WORTH ARCHIVE,,9 - FORT WORTH ARCHIVE,Entered in AI,PASS,
N021,Inbox,,Inbox,AI Skipped 2,PASS,
N022,Inbox/9 - FORT WORTH ARCHIVE,,9 - FORT WORTH ARCHIVE,AI Skipped 2,PASS,
N023,Inbox/9 - FORT WORTH ARCHIVE,,9 - FORT WORTH ARCHIVE,Entered in AI,PASS,
N024,Inbox/9 - FORT WORTH ARCHIVE,,9 - FORT WORTH ARCHIVE,Entered in AI,PASS,
N025,Inbox/9 - FORT WORTH ARCHIVE,,9 - FORT WORTH ARCHIVE,Entered in AI,PASS,
N026,Inbox/9 - FORT WORTH ARCHIVE,,9 - FORT WORTH ARCHIVE,AI Skipped 2,PASS,
N027,Inbox/9 - FORT WORTH ARCHIVE,,9 - FORT WORTH ARCHIVE,AI Skipped 2,PASS,
N028,Inbox/9 - FORT WORTH ARCHIVE,,9 - FORT WORTH ARCHIVE,AI Skipped 2,PASS,
N029,Inbox/9 - FORT WORTH ARCHIVE,,9 - FORT WORTH ARCHIVE,Entered in AI,PASS,
N030,Inbox/9 - FORT WORTH ARCHIVE,,9 - FORT WORTH ARCHIVE,Entered in AI,PASS,
N031,Inbox/9 - FORT WORTH ARCHIVE,,9 - FORT WORTH ARCHIVE,Entered in AI,PASS,
N032,Inbox/9 - FORT WORTH ARCHIVE,,9 - FORT WORTH ARCHIVE,AI Skipped 2,PASS,
N033,Inbox/9 - FORT WORTH ARCHIVE,,9 - FORT WORTH ARCHIVE,Entered in AI,PASS,
N034,Inbox/9 - FORT WORTH ARCHIVE,,9 - FORT WORTH ARCHIVE,AI Skipped 2,PASS,
N035,Inbox/9 - FORT WORTH ARCHIVE,,9 - FORT WORTH ARCHIVE,Entered in AI,PASS,
N036,Inbox/9 - FORT WORTH ARCHIVE,,9 - FORT WORTH ARCHIVE,Entered in AI,PASS,
N037,Inbox/9 - FORT WORTH ARCHIVE,,9 - FORT WORTH ARCHIVE,Entered in AI,PASS,
N038,Inbox/9 - FORT WORTH ARCHIVE,,9 - FORT WORTH ARCHIVE,AI Skipped 2,PASS,
N039,Inbox/9 - FORT WORTH ARCHIVE,,9 - FORT WORTH ARCHIVE,AI Skipped 2,PASS,
N040,Inbox/9 - FORT WORTH ARCHIVE,,9 - FORT WORTH ARCHIVE,Entered in AI,PASS,
N041,Inbox/3 - RECEIPT INVOICE ISSUES,,UNNAMED (FID 0x376dc5ed3),Entered with issues,PASS,
N042,Inbox/9 - FORT WORTH ARCHIVE,,9 - FORT WORTH ARCHIVE,AI Skipped 2,PASS,
N043,Inbox/9 - FORT WORTH ARCHIVE,,9 - FORT WORTH ARCHIVE,AI Skipped 2,PASS,
N044,Inbox/9 - FORT WORTH ARCHIVE,,9 - FORT WORTH ARCHIVE,AI Skipped 2,PASS,
N045,Inbox/9 - FORT WORTH ARCHIVE,,9 - FORT WORTH ARCHIVE,Entered in AI,PASS,
N046,Inbox,Problems/Issues;Investigating,Inbox,AI Skipped 2,PASS,
N047,Inbox/9 - FORT WORTH ARCHIVE,,9 - FORT WORTH ARCHIVE,Entered in AI,PASS,
N048,Inbox/9 - FORT WORTH ARCHIVE,,9 - FORT WORTH ARCHIVE,AI Skipped 2,PASS,
N049,Inbox/9 - FORT WORTH ARCHIVE,,9 - FORT WORTH ARCHIVE,Entered in AI,PASS,
N050,Inbox/9 - FORT WORTH ARCHIVE,,9 - FORT WORTH ARCHIVE,AI Skipped 2,PASS,
N051,Inbox/9 - FORT WORTH ARCHIVE,,9 - FORT WORTH ARCHIVE,AI Skipped 2,PASS,
N052,Inbox/9 - FORT WORTH ARCHIVE,,9 - FORT WORTH ARCHIVE,AI Skipped 2,PASS,
N053,Inbox/9 - FORT WORTH ARCHIVE,,9 - FORT WORTH ARCHIVE,AI Skipped 2,PASS,
N054,Inbox/9 - FORT WORTH ARCHIVE,,9 - FORT WORTH ARCHIVE,Entered in AI,PASS,
N055,Inbox/9 - FORT WORTH ARCHIVE,,9 - FORT WORTH ARCHIVE,AI Skipped 2,PASS,
N056,Inbox/9 - FORT WORTH ARCHIVE,,9 - FORT WORTH ARCHIVE,AI Skipped 2,PASS,
N057,Inbox/9 - FORT WORTH ARCHIVE,,9 - FORT WORTH ARCHIVE,AI Skipped 2,PASS,
N058,Inbox/9 - FORT WORTH ARCHIVE,,9 - FORT WORTH ARCHIVE,AI Skipped 2,PASS,
N059,Inbox/9 - FORT WORTH ARCHIVE,,9 - FORT WORTH ARCHIVE,AI Skipped 2,PASS,
N060,Inbox/9 - FORT WORTH ARCHIVE,,9 - FORT WORTH ARCHIVE,AI Skipped 2,PASS,
N061,Inbox/9 - FORT WORTH ARCHIVE,,9 - FORT WORTH ARCHIVE,AI Skipped 2,PASS,
N062,Inbox/9 - FORT WORTH ARCHIVE,,9 - FORT WORTH ARCHIVE,Entered in AI,PASS,
N063,Inbox/9 - FORT WORTH ARCHIVE,,9 - FORT WORTH ARCHIVE,AI Skipped 2,PASS,
N064,Inbox/9 - FORT WORTH ARCHIVE,,9 - FORT WORTH ARCHIVE,AI Skipped 2,PASS,
N065,Inbox/9 - FORT WORTH ARCHIVE,,9 - FORT WORTH ARCHIVE,AI Skipped 2,PASS,
N066,Inbox/9 - FORT WORTH ARCHIVE,,9 - FORT WORTH ARCHIVE,Entered in AI,PASS,
N067,Inbox/9 - FORT WORTH ARCHIVE,,9 - FORT WORTH ARCHIVE,Entered in AI,PASS,
N068,Inbox/9 - FORT WORTH ARCHIVE,,9 - FORT WORTH ARCHIVE,AI Skipped 2,PASS,
N069,Inbox,,Inbox,AI Skipped 2,PASS,
N070,Inbox,,Inbox,AI Skipped 2,PASS,
N071,Inbox,,Inbox,Entered in AI,PASS,
N072,Inbox,,Inbox,Entered in AI,PASS,
N073,Inbox,,Inbox,Entered in AI,PASS,
N074,Inbox,,Inbox,AI Skipped 2,PASS,
N075,Inbox,,Inbox,AI Skipped 2,PASS,
N076,Inbox,,Inbox,AI Skipped 2,PASS,
N077,Inbox,,Inbox,AI Skipped 2,PASS,
N078,Inbox,,Inbox,AI Skipped 2,PASS,
N079,Inbox,,Inbox,AI Skipped 2,PASS,
N080,Inbox,,Inbox,AI Skipped 2,PASS,
N081,Inbox,,Inbox,Entered in AI,PASS,
N082,Inbox,,Inbox,AI Skipped 2,PASS,
N083,Inbox,,Inbox,AI Skipped,PASS,
N084,Inbox,,Inbox,Entered in AI,PASS,
N085,Inbox,,Inbox,Entered in AI,PASS,
N086,Inbox,,Inbox,Entered in AI,PASS,
N087,Inbox,,Inbox,AI Skipped 2,PASS,
N088,Inbox,,Inbox,Entered in AI,PASS,
N089,Inbox,,Inbox,AI Skipped 2,PASS,
N090,Inbox,,Inbox,AI Skipped 2,PASS,
N091,Inbox,,Inbox,AI Skipped 2,PASS,
N092,Inbox,,Inbox,AI Skipped 2,PASS,
N093,Inbox,,Inbox,AI Skipped 2,PASS,
N094,Inbox,,Inbox,Entered in AI,PASS,
N095,Inbox,,Inbox,Entered in AI,PASS,
N096,Inbox,,Inbox,AI Skipped 2,PASS,
N097,Inbox,,Inbox,AI Skipped 2,PASS,
N098,Inbox,,Inbox,AI Skipped 2,PASS,
N099,Inbox,,Inbox,AI Skipped 2,PASS,
N100,Inbox,,Inbox,AI Skipped 2,PASS,
N101,Inbox,,Inbox,AI Skipped 2,PASS,
N102,Inbox,,Inbox,AI Skipped 2,PASS,
N103,Inbox,,Inbox,AI Skipped 2,PASS,
N104,Inbox,,Inbox,AI Skipped 2,PASS,
N105,Inbox,,Inbox,AI Skipped 2,PASS,
N106,Inbox,,Inbox,AI Skipped 2,PASS,
N107,Inbox,,Inbox,AI Skipped 2,PASS,
N108,Inbox,,Inbox,Entered in AI,PASS,
N109,Inbox,,Inbox,Entered in AI,PASS,
N110,Inbox,,Inbox,Entered in AI,PASS,
N111,Inbox,,Inbox,Entered in AI,PASS,
N112,Inbox,,Inbox,Entered in AI,PASS,
N113,Inbox,,Inbox,AI Skipped 2,PASS,
N114,Inbox,,Inbox,AI Skipped 2,PASS,
N115,Inbox,,Inbox,AI Skipped 2,PASS,
N116,Inbox/9 - FORT WORTH ARCHIVE,,9 - FORT WORTH ARCHIVE,Entered in AI,PASS,
N117,Inbox,,Inbox,Entered in AI,PASS,
N118,Inbox,,Inbox,AI Skipped 2,PASS,
N119,Inbox,,Inbox,AI Skipped 2,PASS,
N120,Inbox,,Inbox,AI Skipped 2,PASS,
N121,Inbox,,Inbox,AI Skipped 2,PASS,
N122,Inbox,,Inbox,AI Skipped 2,PASS,
N123,Inbox,,Inbox,AI Skipped 2,PASS,
N124,Inbox,,Inbox,AI Skipped 2,PASS,
N125,Inbox,,Inbox,AI Skipped 2,PASS,
N126,Inbox,,Inbox,Entered with issues,PASS,
N127,Inbox,,Inbox,AI Skipped 2,PASS,
N128,Inbox,,Inbox,Entered in AI,PASS,
N129,Inbox,,Inbox,AI Skipped 2,PASS,
N130,Inbox,,Inbox,AI Skipped 2,PASS,
N131,Inbox,,Inbox,AI Skipped 2,PASS,
N132,Inbox,,Inbox,AI Skipped 2,PASS,
N133,Inbox,,Inbox,AI Skipped 2,PASS,
N134,Inbox,,Inbox,AI Skipped 2,PASS,
N135,Inbox,,Inbox,AI Skipped 2,PASS,
N136,Inbox,,Inbox,AI Skipped 2,PASS,
N137,Inbox,,Inbox,AI Skipped 2,PASS,
N138,Inbox,,Inbox,AI Skipped 2,PASS,
N139,Inbox,,Inbox,AI Skipped 2,PASS,
N140,Inbox,,Inbox,AI Skipped 2,PASS,
N141,Inbox,,Inbox,AI Skipped 2,PASS,
N142,Inbox,,Inbox,AI Skipped 2,PASS,
N143,Inbox,,Inbox,AI Skipped 2,PASS,
N144,Inbox,,Inbox,AI Skipped 2,PASS,
N145,Inbox,,Inbox,AI Skipped 2,PASS,
N146,Inbox,,Inbox,AI Skipped 2,PASS,
N147,Inbox,,Inbox,AI Skipped 2,PASS,
N148,Inbox,,Inbox,AI Skipped 2,PASS,
N149,Inbox,,Inbox,Entered with issues,PASS,
N150,Inbox,,Inbox,AI Skipped 2,PASS,
N151,Inbox,,Inbox,AI Skipped 2,PASS,
N152,Inbox,,Inbox,AI Skipped 2,PASS,
N153,Inbox,,Inbox,AI Skipped 2,PASS,
N154,Inbox,,Inbox,AI Skipped 2,PASS,
N155,Inbox,,Inbox,Entered in AI,PASS,
N156,Inbox,,Inbox,Entered in AI,PASS,
N157,Inbox,,Inbox,AI Skipped 2,PASS,
N158,Inbox,,Inbox,AI Skipped 2,PASS,
N159,Inbox,,Inbox,AI Skipped 2,PASS,
N160,Inbox,,Inbox,AI Skipped 2,PASS,
N161,Inbox,,Inbox,Entered in AI,PASS,
N162,Inbox,,Inbox,AI Skipped 2,PASS,
N163,Inbox,,Inbox,Entered in AI,PASS,
N164,Inbox,,Inbox,AI Skipped 2,PASS,
N165,Inbox,,Inbox,AI Skipped 2,PASS,
N166,Inbox,,Inbox,AI Skipped 2,PASS,
N167,Inbox,,Inbox,AI Skipped 2,PASS,
N168,Inbox,,Inbox,Entered in AI,PASS,
N169,Inbox/9 - FORT WORTH ARCHIVE,,9 - FORT WORTH ARCHIVE,Entered in AI,PASS,
N170,Inbox,,Inbox,AI Skipped 2,PASS,
N171,Inbox,,Inbox,AI Skipped 2,PASS,
N172,Inbox,,Inbox,Entered in AI,PASS,
N173,Inbox,,Inbox,AI Skipped,PASS,
N174,Inbox,,Inbox,AI Skipped 2,PASS,
N175,Inbox,,Inbox,Entered in AI,PASS,
N176,Inbox,,Inbox,AI Skipped 2,PASS,
N177,Inbox,,Inbox,AI Skipped 2,PASS,
N178,Inbox,,Inbox,AI Skipped 2,PASS,
N179,Inbox,,Inbox,Entered in AI,PASS,
N180,Inbox,,Inbox,AI Skipped 2,PASS,
N181,Inbox,,Inbox,AI Skipped 2,PASS,
N182,Inbox,,Inbox,AI Skipped 2,PASS,
N183,Inbox,,Inbox,AI Skipped 2,PASS,
N184,Inbox,,Inbox,Entered with issues,PASS,
N185,Inbox,,Inbox,AI Skipped 2,PASS,
N186,Inbox,,Inbox,AI Skipped 2,PASS,
N187,Inbox,,Inbox,AI Skipped 2,PASS,
N188,Inbox,,Inbox,AI Skipped 2,PASS,
N189,Inbox,,Inbox,AI Skipped 2,PASS,
N190,Inbox,,Inbox,AI Skipped 2,PASS,
N191,Inbox,,Inbox,AI Skipped 2,PASS,
N192,Inbox,,Inbox,AI Skipped 2,PASS,
N193,Inbox,,Inbox,AI Skipped 2,PASS,
N194,Inbox,,Inbox,Entered in AI,PASS,
N195,Inbox,,Inbox,AI Skipped 2,PASS,
N196,Inbox,,Inbox,AI Skipped 2,PASS,
N197,Inbox,,Inbox,AI Skipped 2,PASS,
N198,Inbox,,Inbox,AI Skipped 2,PASS,
N199,Inbox,,Inbox,AI Skipped 2,PASS,
N200,Inbox,,Inbox,Entered in AI,PASS,
N201,Inbox,,Inbox,Entered with issues,PASS,
N202,Inbox,,Inbox,AI Skipped 2,PASS,
N203,Inbox,,Inbox,Entered with issues,PASS,
N204,Inbox,,Inbox,Entered with issues,PASS,
N205,Inbox,,Inbox,AI Skipped 2,PASS,
N206,Inbox,,Inbox,Entered in AI,PASS,
N207,Inbox,,Inbox,Entered in AI,PASS,
N208,Inbox,,Inbox,Entered in AI,PASS,
N209,Inbox,,Inbox,Entered in AI,PASS,
N210,Inbox,,Inbox,Entered with issues,PASS,
N211,Inbox,,Inbox,Entered in AI,PASS,
N212,Inbox,,Inbox,Entered with issues,PASS,
N213,Inbox,,Inbox,AI Skipped 2,PASS,
N214,Inbox,,Inbox,Entered with issues,PASS,
N215,Inbox,,Inbox,Entered with issues,PASS,
N216,Inbox,,Inbox,Entered with issues,PASS,
N217,Inbox,,Inbox,Entered with issues,PASS,
N218,Inbox,,Inbox,Entered with issues,PASS,
N219,Inbox,,Inbox,AI Skipped 2,PASS,
N220,Inbox,,Inbox,Entered with issues,PASS,
N221,Inbox,,Inbox,Entered with issues,PASS,
N222,Inbox,,Inbox,AI Skipped 2,PASS,
N223,Inbox,,Inbox,Entered with issues,PASS,
N224,Inbox,,Inbox,Entered with issues,PASS,
N225,Inbox,,Inbox,AI Skipped 2,PASS,
N226,Inbox,,Inbox,AI Skipped 2,PASS,
N227,Inbox,,Inbox,AI Skipped 2,PASS,
N228,Inbox,,Inbox,AI Skipped 2,PASS,
N229,Inbox,,Inbox,Entered in AI,PASS,
N230,Inbox,,Inbox,AI Skipped 2,PASS,
N231,Inbox,,Inbox,Entered with issues,PASS,
N232,Inbox,,Inbox,Entered with issues,PASS,
N233,Inbox,,Inbox,Entered with issues,PASS,
N234,Inbox,,Inbox,Entered with issues,PASS,
N235,Inbox,,Inbox,Entered with issues,PASS,
N236,Inbox,,Inbox,AI Skipped,PASS,
N237,Inbox,,Inbox,AI Skipped 2,PASS,
N238,Inbox,,Inbox,Entered with issues,PASS,
N239,Inbox,,Inbox,Entered in AI,PASS,
N240,Inbox,,Inbox,AI Skipped,PASS,
N241,Inbox,,Inbox,Entered in AI,PASS,
N242,Inbox,,Inbox,AI Skipped 2,PASS,
N243,Inbox,,Inbox,Entered with issues,PASS,
