bill,vendor,invoice#,printed total,header total,lines+charges sum,gap,items/GL,receipts selected,batch,note id + text,attachment page count,email moved y/n
10567,Legacy Wire Products,PS-INV104087,1523.45,1523.45,0,1523.45, | ,,TRANSFER AP,"1788: AP Clerk: Legacy Wire Products invoice PS-INV104087 is on hold and is not posted. The PDF total is $1,523.45. No receipt recorded yet on PO 59320 for 8 each and 23 each of 75-10-201007. The only open receipt is 20 each on a different line. Nothing was selected. The bill is in Transfer AP.",1,y
10568,Morgan Steel,130153,6040.00,6040.0,0,6040.0, | ,,TRANSFER AP,"1789: AP Clerk: Morgan Steel invoice 130153 is on hold and is not posted. The PDF total is $6,040.00. The price gap is $360.00, which is $75 or more. Receipts were not selected. The bill is in Transfer AP.",1,y
10569,Morgan Steel,130154,6040.00,6040.0,6040.0,0.0,"A-06810-000* - FLAT ONLY - Tongue Box Lid, 81W (1/8) A-06810-000* - FLAT ONLY - Tongue Box Lid, 81W (1/8) qty 40.0 @ 151.0 | ",25214,API Agent - 10/9/26,"1790: AP Clerk: Morgan Steel invoice 130154 is entered and is not posted. The PDF total is $6,040.00. Purchase order 59199 receipts were selected. The invoice bills 40 pieces. The open receipt is 40 inches for the same $6,040.00, so that receipt was selected.",1,y
10570,Morgan Steel,130152,5628.00,5628.0,5628.0,0.0,A-02393-000 Kannon Flat A-02393-000 Kannon Flat qty 42.0 @ 134.0 | ,25217,API Agent - 10/9/26,"1791: AP Clerk: Morgan Steel invoice 130152 is entered and is not posted. The PDF total is $5,628.00. Purchase order 59012 receipts were selected.",1,y
10571,Morgan Steel,130155,3640.00,3640.0,3640.0,0.0,"A-05967-000 - Flat: Lid, Heavy Duty Tongue, HXD A-05967-000 - Flat: Lid, Heavy Duty Tongue, HXD qty 26.0 @ 140.0 | ",25213,API Agent - 10/9/26,"1792: AP Clerk: Morgan Steel invoice 130155 is entered and is not posted. The PDF total is $3,640.00. Purchase order 59149 receipts were selected.",1,y
10572,Morgan Steel,130156,14288.00,14288.0,0,14288.0, | ,,TRANSFER AP,"1793: AP Clerk: Morgan Steel invoice 130156 is on hold and is not posted. The PDF total is $14,288.00. The price gap is $612.00, which is $75 or more. Receipts were not selected. The bill is in Transfer AP.",1,y
10573,Legacy Wire Products,PS-INV104088,1080.00,1080.0,1080.0,0.0,"A-06809-000 - LPX Lid Assembly, 81W A-06809-000 - LPX Lid Assembly, 81W qty 20.0 @ 44.0 | ",25409,API Agent - 10/9/26,"1794: AP Clerk: Legacy Wire Products invoice PS-INV104088 is entered and is not posted. The PDF total is $1,080.00. Purchase order 59320 receipts were selected. Freight of $200.00 is an additional charge.",1,y
10574,Legacy Wire Products,PS-INV104089,734.25,734.25,734.25,0.0,"A-06809-000 - LPX Lid Assembly, 81W A-06809-000 - LPX Lid Assembly, 81W qty 15.0 @ 44.0 | ",25408,API Agent - 10/9/26,1795: AP Clerk: Legacy Wire Products invoice PS-INV104089 is entered and is not posted. The PDF total is $734.25. Purchase order 59283 receipts were selected. Freight of $74.25 is an additional charge.,1,y
10575,Legacy Wire Products,PS-INV104090,783.20,783.2,783.2,0.0,"A-06809-000 - LPX Lid Assembly, 81W A-06809-000 - LPX Lid Assembly, 81W qty 16.0 @ 44.0 | ",25406,API Agent - 10/9/26,1796: AP Clerk: Legacy Wire Products invoice PS-INV104090 is entered and is not posted. The PDF total is $783.20. Purchase order 59303 receipts were selected. Freight of $79.20 is an additional charge.,1,y
10576,Legacy Wire Products,PS-INV104091,487.60,487.6,0,487.6, | ,,TRANSFER AP,"1797: AP Clerk: Legacy Wire Products invoice PS-INV104091 is on hold and is not posted. The PDF total is $487.60. The price gap is $266.40, which is $75 or more. Receipts were not selected. The bill is in Transfer AP.",1,y
10577,Freepoint Energy,0214825,8392.46,8392.46,8392.46,0.0,Utilities-. Electric bill 08/31/2026 through 10/01/2026 qty 1.0 @ 8392.46 | ,,API Agent - 10/9/26,"1798: AP Clerk: Freepoint Energy invoice 0214825 is entered and is not posted. The PDF total is $8,392.46. There is no purchase order. Printed taxes are included in the utilities line, the same way as Freepoint bill 0204730.",2,y
10578,AFT Industries,52649,280.00,280.0,0,280.0, | ,,TRANSFER AP,"1799: AP Clerk: AFT Industries invoice 52649 is on hold and is not posted. The PDF total is $280.00. The invoice bills 1, 7, 2, and 2 each on PO 59255. The open receipts are 1, 7, 2, and 1 each. The last line bills 2 each and the receipt is 1 each. Nothing was selected. The bill is in Transfer AP.",1,y
10579,Purvis Industries,32684025,8078.43,8078.43,8078.43,0.0,TBS00103 - SB-22209-W33S MCGILL BEARING TBS00103 - SB-22209-W33S MCGILL BEARING qty 40.0 @ 199.25 | ,25310,API Agent - 10/9/26,"1800: AP Clerk: Purvis Industries invoice 32684025 is entered and is not posted. The PDF total is $8,078.43. Purchase order 59065 receipts were selected. Freight of $108.43 is an additional charge.",2,y
10580,Purvis Industries,32684026,7219.99,7219.99,7219.99,0.0,TBS00103 - SB-22209-W33S MCGILL BEARING TBS00103 - SB-22209-W33S MCGILL BEARING qty 36.0 @ 199.25 | ,25311,API Agent - 10/9/26,"1801: AP Clerk: Purvis Industries invoice 32684026 is entered and is not posted. The PDF total is $7,219.99. Purchase order 59111 receipts were selected. Freight of $46.99 is an additional charge.",2,y
10581,EMJ,Z251088432,1445.57,1445.57,1445.57,0.0,"SB-1.50-6061 - Square Bar 1-1/2"" 6061 T6 SB-1.50-6061 - Square Bar 1-1/2"" 6061 T6 qty 288.0 @ 0.9148; SB-1.50-6061 - Square Bar 1-1/2"" 6061 T6 SB-1.50-6061 - Square Bar 1-1/2"" 6061 T6 qty 144.0 @ 0.9149; RB-1.25-6061 T6 RB-1.25-6061 T6 qty 144.0 @ 0.5773; RB-1.25-6061 T6 RB-1.25-6061 T6 qty 144.0 @ 0.5773; RB-1.50-6061 - Round Bar 1-1/2"" 6061 T6 RB-1.50-6061 - Round Bar 1-1/2"" 6061 T6 qty 576.0 @ 0.7223; RB-1.25-7075 - Round Bar 1-1/4"" 7075 (12') RB-1.25-7075 - Round Bar 1-1/4"" 7075 (12') qty 288.0 @ 0.9488; RB-1.375-6061 - Round Bar 1-3/8"" 6061 T6 RB-1.375-6061 - Round Bar 1-3/8"" 6061 T6 qty 288.0 @ 0.6767 | ; ; ; ; ; ; ","25312,25313,25314,25315,25316,25317,25318",API Agent - 10/9/26,"1802: AP Clerk: EMJ invoice Z251088432 is entered and is not posted. The PDF total is $1,445.57. Purchase order 59340 receipts were selected. A purchase price variance of $-0.08 covers the difference. The invoice bills pounds. The receipts are the same 12-foot bars in inches.",2,y
10582,O'Neal Steel,885055,9490.50,9490.5,9490.5,0.0,PL-0.179 X 60 X 120-A36 PL-0.179 X 60 X 120-A36 qty 24.0 @ 395.4379 | ,25262,API Agent - 10/9/26,"1803: AP Clerk: O'Neal Steel invoice 885055 is entered and is not posted. The PDF total is $9,490.50. Purchase order 59341 receipts were selected. A purchase price variance of $-0.01 covers the difference.",1,y
10583,Gas and Supply,0040488455,596.96,596.96,596.96,0.0,Shop Supplies - G&S-. Shop supplies qty 1.0 @ 596.96 | ,,API Agent - 10/9/26,"1804: AP Clerk: Gas and Supply invoice 0040488455 is entered and is not posted. The PDF total is $596.96. There is no KIMCO purchase order, so it is miscellaneous shop supplies.",1,y
10584,Phoenix Metals,9142053,39761.69,39761.69,39761.69,0.0,"PL-0.075-316 - Plate, 14 gauge 60 x 98 316 PL-0.075-316 - Plate, 14 gauge 60 x 98 316 qty 20.0 @ 396.9; PL-0.075-316 - Plate, 14 gauge 60 x 98 316 PL-0.075-316 - Plate, 14 gauge 60 x 98 316 qty 80.0 @ 396.9 | ; ","25259,25260",API Agent - 10/9/26,"1805: AP Clerk: Phoenix Metals invoice 9142053 is entered and is not posted. The PDF total is $39,761.69. Purchase order 59241 receipts were selected. The fuel surcharge of $71.69 is an additional charge.",1,y
10585,Legacy Wire Products,PS-INV104098,3249.20,3249.2,3249.2,0.0,A-02390-000 - DET HD LID ASSEMBLY A-02390-000 - DET HD LID ASSEMBLY qty 42.0 @ 36.0; 75-10-101084 - NECK WINCH BOX ASSEMBLY 75-10-101084 - NECK WINCH BOX ASSEMBLY qty 20.0 @ 54.0 | ; ,"25404,25405",API Agent - 10/9/26,"1806: AP Clerk: Legacy Wire Products invoice PS-INV104098 is entered and is not posted. The PDF total is $3,249.20. Purchase order 59282 receipts were selected. Freight of $657.20 is an additional charge.",1,y
10586,Legacy Wire Products,PS-INV104099,1292.00,1292.0,1292.0,0.0,75-10-101084 - NECK WINCH BOX ASSEMBLY 75-10-101084 - NECK WINCH BOX ASSEMBLY qty 20.0 @ 54.0 | ,25403,API Agent - 10/9/26,"1807: AP Clerk: Legacy Wire Products invoice PS-INV104099 is entered and is not posted. The PDF total is $1,292.00. Purchase order 59271 receipts were selected. Freight of $212.00 is an additional charge. Purchase order 59271 also has an open receipt for 17 each that this invoice does not bill.",1,y
10587,Legacy Wire Products,PS-INV104100,326.20,326.2,0,326.2, | ,,TRANSFER AP,1808: AP Clerk: Legacy Wire Products invoice PS-INV104100 is on hold and is not posted. The PDF total is $326.20. No open receipt matches quantity 7.0 EA. Open receipts: none. Already invoiced: 25406 qty 16.0 EA-Each $704.0 PO59303-01 bill None. The bill is in Transfer AP.,1,y
10588,Phoenix Metals,9162719,440.41,440.41,440.41,0.0,ANG-1.50 X 1.50 X 0.188-A36 ANG-1.50 X 1.50 X 0.188-A36 qty 2160.0 @ 0.2031 | ,25391,API Agent - 10/9/26,"1809: AP Clerk: Phoenix Metals invoice 9162719 is entered and is not posted. The PDF total is $440.41. Purchase order 59356 receipts were selected. A purchase price variance of $-0.13 covers the difference. The invoice bills 9 pieces of 20-foot angle. The receipt is 2,160 inches.",1,y
10589,RMP Industrial Supply,1474805,277.18,277.18,277.18,0.0,Machining Tools-. Inserts qty 1.0 @ 249.51 | ,,API Agent - 10/9/26,1810: AP Clerk: RMP Industrial Supply invoice 1474805 is entered and is not posted. The PDF total is $277.18. There is no purchase order. Freight of $27.67 is an additional charge. The printed reference VERBAL : MANUEL is not a KIMCO purchase order.,2,y
