bill_id,invoice,vendor,batch_id,batch,posted,document_class,attachment_own_only,extra_invoice_numbers,covered,verification,receipts,open_hold,uom_candidate,uom_conversion,dollar_gap,owner_tagged,owner_hold_on_747,contradictory_notes,problem,proposed_fix
10465,2609000773,1086-HUDSON ENERGY-24312,747,API Agent - 10/6/26 Sept,,invoice,yes,,2448.46,2448.46,,,,,,Shawn McKibben,,1527 then 1620,Contradictory notes: 1527 then 1620.,The later note is the current instruction. KIMCO will not delete the earlier note.
10466,237704,"1182-TRACE METAL INDUSTRIES, INC",747,API Agent - 10/6/26 Sept,,invoice,yes,,165.2,165.2,23703,,,,,,,,,
10467,,,,,,missing,,,,,,,,,,,,,Bill id does not exist.,No bill to change.
10468,000444279/1/202659035,1381-TRICOR METALS,747,API Agent - 10/6/26 Sept,,invoice,yes,,212.19,3552.19,,yes,no,"Missing purchase order. Only the $212.19 freight is entered against the $3,552.19 invoice. Not a unit conversion.",3340.00,Shawn McKibben,yes,,"Hold is not a within-$75 unit match. Missing purchase order. Only the $212.19 freight is entered against the $3,552.19 invoice. Not a unit conversion. Open hold tags Shawn McKibben and the bill is still on batch 747.","Missing purchase order. Only the $212.19 freight is entered against the $3,552.19 invoice. Not a unit conversion. Move this owner-tagged hold to TRANSFER AP batch 375."
10469,2221,"1110-LUXOR STAFFING, INC.",747,API Agent - 10/6/26 Sept,,invoice,yes,,3587.5,3587.5,,,,,,,,,,
10470,9307057099,"1150-RYERSON, JOSEPH T. & SON",747,API Agent - 10/6/26 Sept,,invoice,yes,,703.31,703.31,23822,,,,,,,,,
10471,PS-INV103317,1043-CAPITAL MACHINE TECHNOLOGIES,747,API Agent - 10/6/26 Sept,,invoice,yes,,610.0,610.0,25235,,,,,,,,,
10472,WB4337861607,1337-XCALIBER,747,API Agent - 10/6/26 Sept,,invoice,yes,,1970.0,985.0,23907,,,,,,,,,
10473,,,,,,missing,,,,,,,,,,,,,Bill id does not exist.,No bill to change.
10474,,,,,,missing,,,,,,,,,,,,,Bill id does not exist.,No bill to change.
10475,15409416,"1135-ONEAL STEEL, LLC.",375,TRANSFER AP,,statement,no,15464367|15439109|15406239|15407157|15408130|15409280,0,42818.73,,,no,Payment-status letter. Not a unit conversion.,,Shawn McKibben,,1532 then 1623,"Source document is a statement, not an invoice. The letter lists other invoice numbers: 15464367|15439109|15406239|15407157|15408130|15409280. Contradictory notes: 1532 then 1623.",Do not match a receipt. Ask Treyce to delete the bill. The later note is the current instruction. KIMCO will not delete the earlier note.
10476,43293871,1327-AM CASTLE & CO,375,TRANSFER AP,,invoice,yes,,6.46,645.0,,yes,,,,Shawn McKibben,,,,
10477,15478871,"1135-ONEAL STEEL, LLC.",747,API Agent - 10/6/26 Sept,,letter,no,15406239|15408130|15407157|15409416|15409280|15411914|15412969|15415288|15416408|15415889|15439230,0,42079.26,,yes,no,Pending-orders letter. Not a unit conversion.,,Shawn McKibben,yes,,"Source document is a letter, not an invoice. The letter lists other invoice numbers: 15406239|15408130|15407157|15409416|15409280|15411914|15412969|15415288|15416408|15415889|15439230. Hold is not a within-$75 unit match. Pending-orders letter. Not a unit conversion. Open hold tags Shawn McKibben and the bill is still on batch 747.",Do not match a receipt. Ask Treyce to delete the bill. Pending-orders letter. Not a unit conversion. Move this owner-tagged hold to TRANSFER AP batch 375.
10478,0040455879,1069-GAS AND SUPPLY,747,API Agent - 10/6/26 Sept,,invoice,no,0040455916,192.0,192.0,,,,,,,,,Attachment also contains 0040455916.,Replace the file with pages for this invoice only. The API cannot edit an attachment in place.
10479,0040455916,1069-GAS AND SUPPLY,747,API Agent - 10/6/26 Sept,,invoice,no,0040455615,138.5,138.5,,,,,,,,,Attachment also contains 0040455615.,Replace the file with pages for this invoice only. The API cannot edit an attachment in place.
10480,0040455615,1069-GAS AND SUPPLY,747,API Agent - 10/6/26 Sept,,invoice,no,0040455291,0,213.93,,yes,no,No receipt on PO 59081 is the $213.93 hole-saw kit. Not a unit conversion.,,Shawn McKibben,yes,,Attachment also contains 0040455291. Hold is not a within-$75 unit match. No receipt on PO 59081 is the $213.93 hole-saw kit. Not a unit conversion. Open hold tags Shawn McKibben and the bill is still on batch 747.,Replace the file with pages for this invoice only. The API cannot edit an attachment in place. No receipt on PO 59081 is the $213.93 hole-saw kit. Not a unit conversion. Move this owner-tagged hold to TRANSFER AP batch 375.
10481,9307115285,"1150-RYERSON, JOSEPH T. & SON",747,API Agent - 10/6/26 Sept,,invoice,yes,,721.55,721.55,24866,,,,,,,,,
10482,PSI-001239218,1157-SHOPPA'S MATERIAL HANDLING,375,TRANSFER AP,,invoice,yes,,608.58,608.58,,yes,no,No purchase order. Not a unit conversion.,,Shawn McKibben,,,Hold is not a within-$75 unit match. No purchase order. Not a unit conversion.,Already on TRANSFER AP 375. No purchase order. Not a unit conversion.
10483,PSI-001240544,1157-SHOPPA'S MATERIAL HANDLING,375,TRANSFER AP,,invoice,yes,,806.97,806.97,,yes,no,No purchase order. Not a unit conversion.,,Shawn McKibben,,,Hold is not a within-$75 unit match. No purchase order. Not a unit conversion.,Already on TRANSFER AP 375. No purchase order. Not a unit conversion.
10484,18528,1181-TPI,747,API Agent - 10/6/26 Sept,,invoice,yes,,1086.6,1086.6,24467,,,,,Shawn McKibben,,1537 then 1578,Contradictory notes: 1537 then 1578.,The later note is the current instruction. KIMCO will not delete the earlier note.
10485,18529,1181-TPI,747,API Agent - 10/6/26 Sept,,invoice,yes,,6519.6,6519.6,24470,,,,,,,,,
10486,18530,1181-TPI,747,API Agent - 10/6/26 Sept,,invoice,yes,,3259.8,3259.8,24471,,,,,Shawn McKibben,,1539 then 1579,Contradictory notes: 1539 then 1579.,The later note is the current instruction. KIMCO will not delete the earlier note.
10487,11044,1020-AMERICAN QUALITY POWDERCOATING,747,API Agent - 10/6/26 Sept,,invoice,yes,,520.0,520.0,24912 24913 24914 24915 24916 24917,,,,,Shawn McKibben,,1580 then 1606,Contradictory notes: 1580 then 1606.,The later note is the current instruction. KIMCO will not delete the earlier note.
10488,11043,1020-AMERICAN QUALITY POWDERCOATING,747,API Agent - 10/6/26 Sept,,invoice,yes,,150.0,150.0,24918,,,,,Shawn McKibben,,1581 then 1600,Contradictory notes: 1581 then 1600.,The later note is the current instruction. KIMCO will not delete the earlier note.
10489,11042,1020-AMERICAN QUALITY POWDERCOATING,747,API Agent - 10/6/26 Sept,,invoice,yes,,2600.0,2600.0,24919 24920 24921 24922 24923 24924,,,,,Shawn McKibben,,1582 then 1607,Contradictory notes: 1582 then 1607.,The later note is the current instruction. KIMCO will not delete the earlier note.
10490,11041,1020-AMERICAN QUALITY POWDERCOATING,747,API Agent - 10/6/26 Sept,,invoice,yes,,250.0,250.0,24925,,,,,Shawn McKibben,,1583 then 1601,Contradictory notes: 1583 then 1601.,The later note is the current instruction. KIMCO will not delete the earlier note.
10491,18564,1181-TPI,747,API Agent - 10/6/26 Sept,,invoice,yes,,434.64,434.64,24982,,,,,Shawn McKibben,,1540 then 1613; 1584 then 1613,Contradictory notes: 1540 then 1613; 1584 then 1613.,The later note is the current instruction. KIMCO will not delete the earlier note.
10492,WB4337861639,1337-XCALIBER,747,API Agent - 10/6/26 Sept,,invoice,yes,,1080.0,1080.0,24859,,,,,Shawn McKibben,,1541 then 1585,Contradictory notes: 1541 then 1585.,The later note is the current instruction. KIMCO will not delete the earlier note.
10493,216055,1200-WILLBANKS METALS,747,API Agent - 10/6/26 Sept,,invoice,yes,,381.72,381.72,25161,yes,already,"Invoice is 1 piece / 272.66 lb. Receipt 25161 is quantity 288 (24 ft in inches) at 1.3254, extended $381.72. Net PPV is $0.",0.00,Shawn McKibben,yes,,"Hold is a unit difference and the dollars already match. Invoice is 1 piece / 272.66 lb. Receipt 25161 is quantity 288 (24 ft in inches) at 1.3254, extended $381.72. Net PPV is $0. Open hold tags Shawn McKibben and the bill is still on batch 747.","Leave the receipt selected. Clear the hold. Do not add another PPV. The dollars already match, so leave the bill on batch 747."
10494,T609053432,1206-EMJ Earl M. Jorgensen Company,747,API Agent - 10/6/26 Sept,,invoice,no,T609084432,0,487.14,,yes,yes,"23.12 ft = 277.44 in. Receipt 24880 is quantity 276.0 at 1.7559, extended $484.63. PPV would be $2.51. Receipt 24879 is $267.84 and is a different part.",2.51,Shawn McKibben,yes,,"Attachment also contains T609084432. Hold is a unit difference within $75. 23.12 ft = 277.44 in. Receipt 24880 is quantity 276.0 at 1.7559, extended $484.63. PPV would be $2.51. Receipt 24879 is $267.84 and is a different part. Open hold tags Shawn McKibben and the bill is still on batch 747.","Replace the file with pages for this invoice only. The API cannot edit an attachment in place. Select the matching receipt with the PPV shown, then clear the hold. Select it with the PPV on batch 747. Do not move it to Transfer AP."
10495,0040459813,1069-GAS AND SUPPLY,747,API Agent - 10/6/26 Sept,,invoice,yes,,66.0,66.0,,,,,,,,,,
10496,11052,1020-AMERICAN QUALITY POWDERCOATING,747,API Agent - 10/6/26 Sept,,invoice,yes,,150.0,150.0,25172,,,,,Shawn McKibben,,1589 then 1602,Contradictory notes: 1589 then 1602.,The later note is the current instruction. KIMCO will not delete the earlier note.
10497,11051,1020-AMERICAN QUALITY POWDERCOATING,747,API Agent - 10/6/26 Sept,,invoice,yes,,250.0,250.0,25171,,,,,Shawn McKibben,,1590 then 1603,Contradictory notes: 1590 then 1603.,The later note is the current instruction. KIMCO will not delete the earlier note.
10498,11050,1020-AMERICAN QUALITY POWDERCOATING,747,API Agent - 10/6/26 Sept,,invoice,yes,,500.0,500.0,25170,,,,,Shawn McKibben,,1591 then 1604,Contradictory notes: 1591 then 1604.,The later note is the current instruction. KIMCO will not delete the earlier note.
10499,11049,1020-AMERICAN QUALITY POWDERCOATING,747,API Agent - 10/6/26 Sept,,invoice,yes,,300.0,300.0,25169,,,,,,,1592 then 1605,Contradictory notes: 1592 then 1605.,The later note is the current instruction. KIMCO will not delete the earlier note.
10500,11047,1020-AMERICAN QUALITY POWDERCOATING,747,API Agent - 10/6/26 Sept,,invoice,yes,,590.0,590.0,25165 25166 25167 25168,,,,,Shawn McKibben,,1593 then 1608,Contradictory notes: 1593 then 1608.,The later note is the current instruction. KIMCO will not delete the earlier note.
10501,216127,1200-WILLBANKS METALS,375,TRANSFER AP,,invoice,yes,,0,5760.0,,yes,no,"Both sides are 20 pieces. Receipt 25188 is 20 at 182.25, extended $3645.0. Price gap $2115.00 is over $75, so this is not a PPV.",2115.00,Shawn McKibben,,,"Hold is not a within-$75 unit match. Both sides are 20 pieces. Receipt 25188 is 20 at 182.25, extended $3645.0. Price gap $2115.00 is over $75, so this is not a PPV.","Already on TRANSFER AP 375. Both sides are 20 pieces. Receipt 25188 is 20 at 182.25, extended $3645.0. Price gap $2115.00 is over $75, so this is not a PPV."
10502,18440283,1143-PRIORITY 1,747,API Agent - 10/6/26 Sept,,invoice,yes,,219.09,219.09,,,,,,,,,,
10503,S816901432,1206-EMJ Earl M. Jorgensen Company,747,API Agent - 10/6/26 Sept,,invoice,yes,,166.98,166.98,25160,yes,already,"Invoice is 1 bar, 138 lb. Receipt 25160 is quantity 240.0 (20 ft in inches) at 0.6857, extended $164.57. PPV on the bill is $2.41.",2.41,Shawn McKibben,yes,,"Hold is a unit difference and the dollars already match. Invoice is 1 bar, 138 lb. Receipt 25160 is quantity 240.0 (20 ft in inches) at 0.6857, extended $164.57. PPV on the bill is $2.41. Open hold tags Shawn McKibben and the bill is still on batch 747.","Leave the receipt selected. Clear the hold. Do not add another PPV. The dollars already match, so leave the bill on batch 747."
10504,15486572,"1135-ONEAL STEEL, LLC.",747,API Agent - 10/6/26 Sept,,invoice,no,15486598|15486600|15486770|15486823|15486842|15487245,326.12,326.12,25184 25185,,,,,Shawn McKibben,,1545 then 1609; 1596 then 1609,Attachment also contains 15486598|15486600|15486770|15486823|15486842|15487245. Contradictory notes: 1545 then 1609; 1596 then 1609.,Replace the file with pages for this invoice only. The API cannot edit an attachment in place. The later note is the current instruction. KIMCO will not delete the earlier note.
10505,15486598,"1135-ONEAL STEEL, LLC.",375,TRANSFER AP,,invoice,no,15486572|15486600|15486770|15486823|15486842|15487245,0,3012.19,,yes,no,PO 59251 has no receipt. Not a unit conversion.,,Shawn McKibben; Anthony,,,Attachment also contains 15486572|15486600|15486770|15486823|15486842|15487245. Hold is not a within-$75 unit match. PO 59251 has no receipt. Not a unit conversion.,Replace the file with pages for this invoice only. The API cannot edit an attachment in place. Already on TRANSFER AP 375. PO 59251 has no receipt. Not a unit conversion.
10506,15486600,"1135-ONEAL STEEL, LLC.",747,API Agent - 10/6/26 Sept,,invoice,no,15486572|15486598|15486770|15486823|15486842|15487245,16386.88,16386.88,25261,,,,,,,,Attachment also contains 15486572|15486598|15486770|15486823|15486842|15487245.,Replace the file with pages for this invoice only. The API cannot edit an attachment in place.
10507,15486770,"1135-ONEAL STEEL, LLC.",747,API Agent - 10/6/26 Sept,,invoice,no,15486572|15486598|15486600|15486823|15486842|15487245,502.32,502.32,25186,,,,,,,,Attachment also contains 15486572|15486598|15486600|15486823|15486842|15487245.,Replace the file with pages for this invoice only. The API cannot edit an attachment in place.
10508,15486823,"1135-ONEAL STEEL, LLC.",375,TRANSFER AP,,invoice,no,15486572|15486598|15486600|15486770|15486842|15487245,0,10713.89,,yes,no,PO 59289 has no receipt. Not a unit conversion.,,Treyce Hodges; Anthony,,,Attachment also contains 15486572|15486598|15486600|15486770|15486842|15487245. Hold is not a within-$75 unit match. PO 59289 has no receipt. Not a unit conversion.,Replace the file with pages for this invoice only. The API cannot edit an attachment in place. Already on TRANSFER AP 375. PO 59289 has no receipt. Not a unit conversion.
10509,15486842,"1135-ONEAL STEEL, LLC.",747,API Agent - 10/6/26 Sept,,invoice,no,15486572|15486598|15486600|15486770|15486823|15487245,0,5328.46,,yes,no,"Invoice lines are $117.93, $4,015.00, $687.53, and $508.00. Open receipts: 25179 qty 2400.0 $164.64; 25180 qty 2400.0 $104.64; 25181 qty 17520.0 $7633.46; 25182 qty 240.0 $81.53. No receipt is within $75 of the $5,328.46 total, and 25182 is now on bill 10512. Do not guess a receipt.",,Shawn McKibben,yes,,"Attachment also contains 15486572|15486598|15486600|15486770|15486823|15487245. Hold is not a within-$75 unit match. Invoice lines are $117.93, $4,015.00, $687.53, and $508.00. Open receipts: 25179 qty 2400.0 $164.64; 25180 qty 2400.0 $104.64; 25181 qty 17520.0 $7633.46; 25182 qty 240.0 $81.53. No receipt is within $75 of the $5,328.46 total, and 25182 is now on bill 10512. Do not guess a receipt. Open hold tags Shawn McKibben and the bill is still on batch 747.","Replace the file with pages for this invoice only. The API cannot edit an attachment in place. Invoice lines are $117.93, $4,015.00, $687.53, and $508.00. Open receipts: 25179 qty 2400.0 $164.64; 25180 qty 2400.0 $104.64; 25181 qty 17520.0 $7633.46; 25182 qty 240.0 $81.53. No receipt is within $75 of the $5,328.46 total, and 25182 is now on bill 10512. Do not guess a receipt. Move this owner-tagged hold to TRANSFER AP batch 375."
10510,0040455291,1069-GAS AND SUPPLY,747,API Agent - 10/6/26 Sept,,invoice,yes,,1403.79,1403.79,,,,,,,,,,
10511,T609084432,1206-EMJ Earl M. Jorgensen Company,375,TRANSFER AP,,invoice,yes,,0,372.0,,yes,no,"24 ft = 288 in, so the quantity matches receipt 24879, but the receipt is quantity 288.0 at 0.93, extended $267.84. The dollar gap is $104.16, which is over $75. Do not select it with PPV.",104.16,Shawn McKibben,,,"Hold is not a within-$75 unit match. 24 ft = 288 in, so the quantity matches receipt 24879, but the receipt is quantity 288.0 at 0.93, extended $267.84. The dollar gap is $104.16, which is over $75. Do not select it with PPV.","Already on TRANSFER AP 375. 24 ft = 288 in, so the quantity matches receipt 24879, but the receipt is quantity 288.0 at 0.93, extended $267.84. The dollar gap is $104.16, which is over $75. Do not select it with PPV."
10512,15487245,"1135-ONEAL STEEL, LLC.",747,API Agent - 10/6/26 Sept,,invoice,yes,,81.52,81.52,25182,,,"Already selected. 1 piece = receipt 25182 quantity 240 at $0.3397, PPV -$0.01.",-0.01,Shawn McKibben,,1616 then 1626,Contradictory notes: 1616 then 1626.,The later note is the current instruction. KIMCO will not delete the earlier note.
