received time,sender,subject,old folder,old categories,new folder,new categories,new message id,result
2026-09-05T06:29:32Z,donotreplyinvoice@ryerson.com,PO 59064 Inv# 9307057099,Inbox,,Inbox/9 - FORT WORTH ARCHIVE,Entered in AI,AAMkAGQyODM5ZWI1LTQ0NDAtNDZiOS1hYTIzLTdjOGM3NDRlNjQ4MgBGAAAAAAAggjN_BHG4TI2Iz-JKRqfaBwDXcyWbp23lSoY0i7GBv6N_AACDH-y1AADXcyWbp23lSoY0i7GBv6N_AAOoEFU2AAA=,ok
2026-09-08T16:49:17Z,quickbooks@notification.intuit.com,Invoice from Greentree Packaging & Lumber,Inbox,,Inbox/9 - FORT WORTH ARCHIVE,Entered in AI,AAMkAGQyODM5ZWI1LTQ0NDAtNDZiOS1hYTIzLTdjOGM3NDRlNjQ4MgBGAAAAAAAggjN_BHG4TI2Iz-JKRqfaBwDXcyWbp23lSoY0i7GBv6N_AACDH-y1AADXcyWbp23lSoY0i7GBv6N_AAOoEFU3AAA=,ok
2026-09-11T18:39:08Z,quickbooks@notification.intuit.com,New payment request from AMERICAN QUALITY POWDER COATING - invoice 10991,Inbox,Entered with issues,Inbox/9 - FORT WORTH ARCHIVE,Entered in AI,AAMkAGQyODM5ZWI1LTQ0NDAtNDZiOS1hYTIzLTdjOGM3NDRlNjQ4MgBGAAAAAAAggjN_BHG4TI2Iz-JKRqfaBwDXcyWbp23lSoY0i7GBv6N_AACDH-y1AADXcyWbp23lSoY0i7GBv6N_AAOoEFU4AAA=,ok
2026-09-15T18:10:45Z,quickbooks@notification.intuit.com,New payment request from AMERICAN QUALITY POWDER COATING - invoice 11003,Inbox,Entered with issues,Inbox/9 - FORT WORTH ARCHIVE,Entered in AI,AAMkAGQyODM5ZWI1LTQ0NDAtNDZiOS1hYTIzLTdjOGM3NDRlNjQ4MgBGAAAAAAAggjN_BHG4TI2Iz-JKRqfaBwDXcyWbp23lSoY0i7GBv6N_AACDH-y1AADXcyWbp23lSoY0i7GBv6N_AAOoEFU5AAA=,ok
2026-09-11T19:11:40Z,ar@capitalmachine.com,Capital Machine - Sales Invoice PS-INV103317 - KANNON MANUFACTURING - AMTECH,Inbox,,Inbox/9 - FORT WORTH ARCHIVE,Entered in AI,AAMkAGQyODM5ZWI1LTQ0NDAtNDZiOS1hYTIzLTdjOGM3NDRlNjQ4MgBGAAAAAAAggjN_BHG4TI2Iz-JKRqfaBwDXcyWbp23lSoY0i7GBv6N_AACDH-y1AADXcyWbp23lSoY0i7GBv6N_AAOoEFU6AAA=,ok
2026-09-11T19:36:12Z,quickbooks@notification.intuit.com,New payment request from Green Valley Compressor LLC - invoice 2216,Inbox,,Inbox/9 - FORT WORTH ARCHIVE,Entered in AI,AAMkAGQyODM5ZWI1LTQ0NDAtNDZiOS1hYTIzLTdjOGM3NDRlNjQ4MgBGAAAAAAAggjN_BHG4TI2Iz-JKRqfaBwDXcyWbp23lSoY0i7GBv6N_AACDH-y1AADXcyWbp23lSoY0i7GBv6N_AAOoEFU7AAA=,ok
2026-09-16T20:15:30Z,krista.woodruff@jpsteel.us,JP Steel Invoice# (125315) Transmission for KANNON MFG,Inbox,Entered with issues,Inbox/9 - FORT WORTH ARCHIVE,Entered in AI,AAMkAGQyODM5ZWI1LTQ0NDAtNDZiOS1hYTIzLTdjOGM3NDRlNjQ4MgBGAAAAAAAggjN_BHG4TI2Iz-JKRqfaBwDXcyWbp23lSoY0i7GBv6N_AACDH-y1AADXcyWbp23lSoY0i7GBv6N_AAOoEFU8AAA=,ok
2026-09-02T18:53:07Z,kstarkey@tricormetals.com,Invoice 00044427,Inbox/3 - RECEIPT INVOICE ISSUES,,Inbox/9 - FORT WORTH ARCHIVE,Entered in AI,AAMkAGQyODM5ZWI1LTQ0NDAtNDZiOS1hYTIzLTdjOGM3NDRlNjQ4MgBGAAAAAAAggjN_BHG4TI2Iz-JKRqfaBwDXcyWbp23lSoY0i7GBv6N_AACDH-y1AADXcyWbp23lSoY0i7GBv6N_AAOoEFU9AAA=,ok
2026-09-21T18:59:20Z,lorena@legacywireproducts.com,Legacy Wire Products - Sales Invoice PS-INV104046,Inbox,,Inbox/9 - FORT WORTH ARCHIVE,Entered in AI,AAMkAGQyODM5ZWI1LTQ0NDAtNDZiOS1hYTIzLTdjOGM3NDRlNjQ4MgBGAAAAAAAggjN_BHG4TI2Iz-JKRqfaBwDXcyWbp23lSoY0i7GBv6N_AACDH-y1AADXcyWbp23lSoY0i7GBv6N_AAOoEFU_AAA=,ok
2026-09-22T13:58:43Z,lorena@legacywireproducts.com,Legacy Wire Products - Sales Invoice PS-INV104051,Inbox,,Inbox/9 - FORT WORTH ARCHIVE,Entered in AI,AAMkAGQyODM5ZWI1LTQ0NDAtNDZiOS1hYTIzLTdjOGM3NDRlNjQ4MgBGAAAAAAAggjN_BHG4TI2Iz-JKRqfaBwDXcyWbp23lSoY0i7GBv6N_AACDH-y1AADXcyWbp23lSoY0i7GBv6N_AAOoEFU-AAA=,ok
