bill,vendor,invoice,email received,sender,subject,current folder,categories,proposed action,flag
10007,1020-AMERICAN QUALITY POWDERCOATING,11002,2026-09-15T18:11:01Z,quickbooks@notification.intuit.com,New payment request from AMERICAN QUALITY POWDER COATING - invoice 11002,Inbox/9 - FORT WORTH ARCHIVE,Entered in AI,OK,
10008,1020-AMERICAN QUALITY POWDERCOATING,10999,2026-09-14T13:10:27Z,quickbooks@notification.intuit.com,New payment request from AMERICAN QUALITY POWDER COATING - invoice 10999,Inbox/9 - FORT WORTH ARCHIVE,Entered in AI,OK,
10009,1020-AMERICAN QUALITY POWDERCOATING,11003,2026-09-15T18:10:45Z,quickbooks@notification.intuit.com,New payment request from AMERICAN QUALITY POWDER COATING - invoice 11003,Inbox,Entered with issues,MOVE (Entered in AI),
10010,1020-AMERICAN QUALITY POWDERCOATING,11004,2026-09-15T18:10:17Z,quickbooks@notification.intuit.com,New payment request from AMERICAN QUALITY POWDER COATING - invoice 11004,Inbox/9 - FORT WORTH ARCHIVE,Entered in AI,OK,several emails match this invoice
10011,1020-AMERICAN QUALITY POWDERCOATING,11005,2026-09-15T18:09:41Z,quickbooks@notification.intuit.com,New payment request from AMERICAN QUALITY POWDER COATING - invoice 11005,Inbox/9 - FORT WORTH ARCHIVE,Entered in AI,OK,
10012,1020-AMERICAN QUALITY POWDERCOATING,10998,2026-09-14T13:10:53Z,quickbooks@notification.intuit.com,New payment request from AMERICAN QUALITY POWDER COATING - invoice 10998,Inbox/9 - FORT WORTH ARCHIVE,Entered in AI,OK,several emails match this invoice
10013,1020-AMERICAN QUALITY POWDERCOATING,10991,2026-09-11T18:39:08Z,quickbooks@notification.intuit.com,New payment request from AMERICAN QUALITY POWDER COATING - invoice 10991,Inbox,Entered with issues,MOVE (Entered in AI),
10014,1020-AMERICAN QUALITY POWDERCOATING,10984,2026-09-10T12:11:48Z,quickbooks@notification.intuit.com,New payment request from AMERICAN QUALITY POWDER COATING - invoice 10984,Inbox/9 - FORT WORTH ARCHIVE,Entered in AI,OK,
10015,1020-AMERICAN QUALITY POWDERCOATING,10969,2026-09-02T15:36:29Z,quickbooks@notification.intuit.com,New payment request from AMERICAN QUALITY POWDER COATING - invoice 10969,Inbox/9 - FORT WORTH ARCHIVE,Entered in AI,OK,
10016,1020-AMERICAN QUALITY POWDERCOATING,10968,2026-09-01T19:06:59Z,quickbooks@notification.intuit.com,New payment request from AMERICAN QUALITY POWDER COATING - invoice 10968,Inbox/9 - FORT WORTH ARCHIVE,Entered in AI,OK,several emails match this invoice
10017,1020-AMERICAN QUALITY POWDERCOATING,10967,2026-09-01T19:07:16Z,quickbooks@notification.intuit.com,New payment request from AMERICAN QUALITY POWDER COATING - invoice 10967,Inbox/9 - FORT WORTH ARCHIVE,Entered in AI,OK,
10101,1276-Crosslink Powder Coating,28166,2026-09-11T12:48:51Z,update+accountingcrosslinktxcom@orders.gosteelhead.com,Invoice #28166 for 59087 (#8497) from Crosslink Powder Coating,Inbox/9 - FORT WORTH ARCHIVE,Entered in AI,OK,
10102,1276-Crosslink Powder Coating,28113,2026-09-04T14:30:43Z,update+accountingcrosslinktxcom@orders.gosteelhead.com,Invoice #28113 for 59038 (#8432) from Crosslink Powder Coating,Inbox/9 - FORT WORTH ARCHIVE,Entered in AI,OK,
10103,1276-Crosslink Powder Coating,28114,2026-09-04T14:30:29Z,update+accountingcrosslinktxcom@orders.gosteelhead.com,Invoice #28114 for 59052 (#8451) from Crosslink Powder Coating,Inbox/9 - FORT WORTH ARCHIVE,Entered in AI,OK,
10104,1276-Crosslink Powder Coating,28100,2026-09-04T14:37:39Z,update+accountingcrosslinktxcom@orders.gosteelhead.com,Invoice #28100 for 59022-01 (#8421) from Crosslink Powder Coating,Inbox/9 - FORT WORTH ARCHIVE,Entered in AI,OK,
10105,1276-Crosslink Powder Coating,28102,2026-09-04T14:36:40Z,update+accountingcrosslinktxcom@orders.gosteelhead.com,Invoice #28102 for 58902 (#8242) from Crosslink Powder Coating,Inbox/9 - FORT WORTH ARCHIVE,Entered in AI,OK,
10107,1098-JP STEEL,125315,2026-09-16T20:15:30Z,krista.woodruff@jpsteel.us,JP Steel Invoice# (125315) Transmission for KANNON MFG,Inbox,Entered with issues,MOVE (Entered in AI),
10108,1098-JP STEEL,125316,2026-09-16T20:15:13Z,krista.woodruff@jpsteel.us,JP Steel Invoice# (125316) Transmission for KANNON MFG,Inbox/9 - FORT WORTH ARCHIVE,Entered in AI,OK,
10109,1098-JP STEEL,125314,2026-09-16T20:15:05Z,krista.woodruff@jpsteel.us,JP Steel Invoice# (125314) Transmission for KANNON MFG,Inbox/9 - FORT WORTH ARCHIVE,Entered in AI,OK,
10110,1098-JP STEEL,125122,2026-09-02T16:25:04Z,krista.woodruff@jpsteel.us,JP Steel Invoice# (125122) Transmission for KANNON MFG,Inbox/9 - FORT WORTH ARCHIVE,Entered in AI,OK,
10112,1290-Legacy Wire Products,PS-INV104020,2026-09-09T19:28:55Z,Giovanny@legacywireproducts.com,Legacy Wire Products - Sales Invoice PS-INV104020,Inbox/9 - FORT WORTH ARCHIVE,Entered in AI,OK,
10113,1290-Legacy Wire Products,PS-INV104019,2026-09-08T21:55:03Z,Giovanny@legacywireproducts.com,Legacy Wire Products - Sales Invoice PS-INV104019,Inbox/9 - FORT WORTH ARCHIVE,Entered in AI,OK,
10114,1290-Legacy Wire Products,PS-INV104018,2026-09-08T21:39:27Z,Giovanny@legacywireproducts.com,Legacy Wire Products - Sales Invoice PS-INV104018,Inbox/9 - FORT WORTH ARCHIVE,Entered in AI,OK,
10115,1290-Legacy Wire Products,PS-INV104015,2026-09-08T19:05:05Z,Giovanny@legacywireproducts.com,Legacy Wire Products - Sales Invoice PS-INV104015,Inbox/9 - FORT WORTH ARCHIVE,Entered in AI,OK,
10116,1290-Legacy Wire Products,PS-INV104017,2026-09-08T21:29:37Z,Giovanny@legacywireproducts.com,Legacy Wire Products - Sales Invoice PS-INV104017,Inbox/9 - FORT WORTH ARCHIVE,Entered in AI,OK,
10123,1290-Legacy Wire Products,PS-INV104013,2026-09-03T17:54:28Z,Giovanny@legacywireproducts.com,Legacy Wire Products - Sales Invoice PS-INV104013,Inbox/9 - FORT WORTH ARCHIVE,Entered in AI,OK,
10124,1290-Legacy Wire Products,PS-INV104012,2026-09-03T17:46:56Z,Giovanny@legacywireproducts.com,Legacy Wire Products - Sales Invoice PS-INV104012,Inbox/9 - FORT WORTH ARCHIVE,Entered in AI,OK,
10125,1290-Legacy Wire Products,PS-INV104011,2026-09-02T20:37:00Z,Giovanny@legacywireproducts.com,Legacy Wire Products - Sales Invoice PS-INV104011,Inbox/9 - FORT WORTH ARCHIVE,Entered in AI,OK,
10126,1290-Legacy Wire Products,PS-INV104010,2026-09-02T19:54:16Z,Giovanny@legacywireproducts.com,Legacy Wire Products - Sales Invoice PS-INV104010,Inbox/9 - FORT WORTH ARCHIVE,Entered in AI,OK,
10127,1290-Legacy Wire Products,PS-INV104009,2026-09-02T19:07:54Z,Giovanny@legacywireproducts.com,Legacy Wire Products - Sales Invoice PS-INV104009,Inbox/9 - FORT WORTH ARCHIVE,Entered in AI,OK,
10128,1069-GAS AND SUPPLY,0040435122,2026-10-01T11:30:28Z,billing@gasandsupply.com,Gas&Supply Invoice/Statement,Inbox,,"KEEP (email contains invoice 0040477446, 0000018220, 0040344711, 0040406308, 0040412279, 0040482402 with no bill)",email matches bills 10128|10131|10431; several emails match this invoice; email contains invoice 0040477446|0000018220|0040344711|0040406308|0040412279|0040482402 with no bill
10129,1069-GAS AND SUPPLY,0040434973,2026-09-16T04:49:24Z,billing@gasandsupply.com,Gas&Supply Invoice/Statement,Inbox/9 - FORT WORTH ARCHIVE,Entered in AI,OK,
10130,1069-GAS AND SUPPLY,0040431060,2026-09-15T04:37:22Z,billing@gasandsupply.com,Gas&Supply Invoice/Statement,Inbox/9 - FORT WORTH ARCHIVE,Entered in AI,OK,
10131,1069-GAS AND SUPPLY,0040425657,2026-10-01T11:30:28Z,billing@gasandsupply.com,Gas&Supply Invoice/Statement,Inbox,,"KEEP (email contains invoice 0040477446, 0000018220, 0040344711, 0040406308, 0040412279, 0040482402 with no bill)",email matches bills 10128|10131|10431; several emails match this invoice; email contains invoice 0040477446|0000018220|0040344711|0040406308|0040412279|0040482402 with no bill
10132,1069-GAS AND SUPPLY,0040425612,2026-09-10T04:38:50Z,billing@gasandsupply.com,Gas&Supply Invoice/Statement,Inbox/9 - FORT WORTH ARCHIVE,Entered with issues,MOVE (Entered in AI),email matches bills 10132|10133|10134|10166
10133,1069-GAS AND SUPPLY,0040424382,2026-09-10T04:38:50Z,billing@gasandsupply.com,Gas&Supply Invoice/Statement,Inbox/9 - FORT WORTH ARCHIVE,Entered with issues,MOVE (Entered in AI),email matches bills 10132|10133|10134|10166
10134,1069-GAS AND SUPPLY,0040423658,2026-09-10T04:38:50Z,billing@gasandsupply.com,Gas&Supply Invoice/Statement,Inbox/9 - FORT WORTH ARCHIVE,Entered with issues,MOVE (Entered in AI),email matches bills 10132|10133|10134|10166
10135,1069-GAS AND SUPPLY,0040421569,2026-09-09T04:41:12Z,billing@gasandsupply.com,Gas&Supply Invoice/Statement,Inbox/9 - FORT WORTH ARCHIVE,Entered in AI,OK,
10136,1069-GAS AND SUPPLY,0040438494,2026-09-18T04:46:36Z,billing@gasandsupply.com,Gas&Supply Invoice/Statement,Inbox/9 - FORT WORTH ARCHIVE,Entered with issues,MOVE (Entered in AI),email matches bills 10136|10167|10168|10169|10170|10173
10138,1115-MCMASTER-CARR,71647463,2026-09-11T07:47:50Z,invoice.reply@mcmaster.com,Invoice for Your Order 59161,Inbox/9 - FORT WORTH ARCHIVE,Entered in AI,OK,
10142,1115-MCMASTER-CARR,72094446,2026-09-18T06:43:57Z,invoice.reply@mcmaster.com,Invoice for Your Order 59224,Inbox/9 - FORT WORTH ARCHIVE,Entered with issues,OK,
10144,1115-MCMASTER-CARR,72087570,2026-09-18T06:43:52Z,invoice.reply@mcmaster.com,Invoice for Your Order 59235,Inbox/9 - FORT WORTH ARCHIVE,Entered with issues,MOVE (Entered in AI),
10145,1115-MCMASTER-CARR,72012111,2026-09-17T06:50:25Z,invoice.reply@mcmaster.com,Invoice for Your Order 59219,Inbox/9 - FORT WORTH ARCHIVE,Entered with issues,MOVE (Entered in AI),
10146,1115-MCMASTER-CARR,72013304,2026-09-17T06:50:24Z,invoice.reply@mcmaster.com,Invoice for Your Order 58221,Inbox/9 - FORT WORTH ARCHIVE,Entered with issues,MOVE (Entered in AI),
10147,1115-MCMASTER-CARR,71839575,2026-09-15T07:14:53Z,invoice.reply@mcmaster.com,Invoice for Your Order 59191,Inbox/9 - FORT WORTH ARCHIVE,Entered with issues,MOVE (Entered in AI),
10148,1115-MCMASTER-CARR,71743140,2026-09-12T06:31:28Z,invoice.reply@mcmaster.com,Invoice for Your Order 59159,Inbox/9 - FORT WORTH ARCHIVE,Entered with issues,MOVE (Entered in AI),
10149,1115-MCMASTER-CARR,71740547,2026-09-12T06:31:26Z,invoice.reply@mcmaster.com,Invoice for Your Order 59120,Inbox/9 - FORT WORTH ARCHIVE,Entered in AI,OK,
10150,1115-MCMASTER-CARR,71642803,2026-09-11T07:47:51Z,invoice.reply@mcmaster.com,Invoice for Your Order 59159,Inbox/9 - FORT WORTH ARCHIVE,Entered in AI,OK,
10151,1115-MCMASTER-CARR,71668723,2026-09-11T07:47:50Z,invoice.reply@mcmaster.com,Invoice for Your Order 59120,Inbox/9 - FORT WORTH ARCHIVE,Entered in AI,OK,
10152,1115-MCMASTER-CARR,71401129,2026-09-05T06:21:34Z,invoice.reply@mcmaster.com,Invoice for Your Order 59125,Inbox/9 - FORT WORTH ARCHIVE,Entered in AI,OK,
10153,1115-MCMASTER-CARR,71254641,2026-09-03T06:50:45Z,invoice.reply@mcmaster.com,Invoice for Your Order 59103,Inbox/9 - FORT WORTH ARCHIVE,Entered in AI,OK,
10154,1115-MCMASTER-CARR,71236251,2026-09-03T06:50:45Z,invoice.reply@mcmaster.com,Invoice for Your Order 59103,Inbox/9 - FORT WORTH ARCHIVE,Entered with issues,MOVE (Entered in AI),
10155,1115-MCMASTER-CARR,71183051,2026-09-02T06:52:01Z,invoice.reply@mcmaster.com,Invoice for Your Order 59089,Inbox/9 - FORT WORTH ARCHIVE,Entered in AI,OK,
10160,"1135-ONEAL STEEL, LLC.",15469453,2026-09-15T04:25:55Z,vsanders@onealsteel.com,O'Neal Steel Invoice For Account # 14748440,Inbox/9 - FORT WORTH ARCHIVE,Entered with issues,OK,
10165,1069-GAS AND SUPPLY,0040430010,2026-09-12T05:13:26Z,billing@gasandsupply.com,Gas&Supply Invoice/Statement,Inbox/9 - FORT WORTH ARCHIVE,AI HOLD,MOVE (Entered in AI),
10166,1069-GAS AND SUPPLY,0040424839,2026-09-10T04:38:50Z,billing@gasandsupply.com,Gas&Supply Invoice/Statement,Inbox/9 - FORT WORTH ARCHIVE,Entered with issues,MOVE (Entered in AI),email matches bills 10132|10133|10134|10166
10167,1069-GAS AND SUPPLY,0040438057,2026-09-18T04:46:36Z,billing@gasandsupply.com,Gas&Supply Invoice/Statement,Inbox/9 - FORT WORTH ARCHIVE,Entered with issues,MOVE (Entered in AI),email matches bills 10136|10167|10168|10169|10170|10173
10168,1069-GAS AND SUPPLY,0040438056,2026-09-18T04:46:36Z,billing@gasandsupply.com,Gas&Supply Invoice/Statement,Inbox/9 - FORT WORTH ARCHIVE,Entered with issues,MOVE (Entered in AI),email matches bills 10136|10167|10168|10169|10170|10173
10169,1069-GAS AND SUPPLY,0040438055,2026-09-18T04:46:36Z,billing@gasandsupply.com,Gas&Supply Invoice/Statement,Inbox/9 - FORT WORTH ARCHIVE,Entered with issues,MOVE (Entered in AI),email matches bills 10136|10167|10168|10169|10170|10173
10170,1069-GAS AND SUPPLY,0040438053,2026-09-18T04:46:36Z,billing@gasandsupply.com,Gas&Supply Invoice/Statement,Inbox/9 - FORT WORTH ARCHIVE,Entered with issues,MOVE (Entered in AI),email matches bills 10136|10167|10168|10169|10170|10173
10171,1069-GAS AND SUPPLY,0040417672,2026-09-04T04:36:58Z,billing@gasandsupply.com,Gas&Supply Invoice/Statement,Inbox/9 - FORT WORTH ARCHIVE,AI HOLD,MOVE (Entered in AI),
10172,1069-GAS AND SUPPLY,0040414962,2026-09-03T04:50:29Z,billing@gasandsupply.com,Gas&Supply Invoice/Statement,Inbox/9 - FORT WORTH ARCHIVE,Entered with issues,MOVE (Entered in AI),
10173,1069-GAS AND SUPPLY,0040438052,2026-09-18T04:46:36Z,billing@gasandsupply.com,Gas&Supply Invoice/Statement,Inbox/9 - FORT WORTH ARCHIVE,Entered with issues,OK,email matches bills 10136|10167|10168|10169|10170|10173
10263,1020-AMERICAN QUALITY POWDERCOATING,11020,2026-09-21T19:30:32Z,quickbooks@notification.intuit.com,New payment request from AMERICAN QUALITY POWDER COATING - invoice 11020,Inbox/9 - FORT WORTH ARCHIVE,Entered with issues,OK,
10264,1020-AMERICAN QUALITY POWDERCOATING,11021,2026-09-21T19:30:10Z,quickbooks@notification.intuit.com,New payment request from AMERICAN QUALITY POWDER COATING - invoice 11021,Inbox/9 - FORT WORTH ARCHIVE,Entered with issues,OK,
10265,1020-AMERICAN QUALITY POWDERCOATING,11012,2026-09-21T14:43:02Z,quickbooks@notification.intuit.com,New payment request from AMERICAN QUALITY POWDER COATING - invoice 11012,Inbox/9 - FORT WORTH ARCHIVE,Entered in AI,OK,
10266,1020-AMERICAN QUALITY POWDERCOATING,11013,2026-09-21T14:42:02Z,quickbooks@notification.intuit.com,New payment request from AMERICAN QUALITY POWDER COATING - invoice 11013,Inbox/9 - FORT WORTH ARCHIVE,Entered in AI,OK,
10267,1290-Legacy Wire Products,PS-INV104066,2026-09-23T12:06:40Z,lorena@legacywireproducts.com,Legacy Wire Products - Sales Invoice PS-INV104066,Inbox/9 - FORT WORTH ARCHIVE,Entered with issues,OK,
10268,1290-Legacy Wire Products,PS-INV104065,2026-09-23T11:59:55Z,lorena@legacywireproducts.com,Legacy Wire Products - Sales Invoice PS-INV104065,Inbox/9 - FORT WORTH ARCHIVE,Entered with issues,OK,
10269,1290-Legacy Wire Products,PS-INV104064,2026-09-23T11:48:51Z,lorena@legacywireproducts.com,Legacy Wire Products - Sales Invoice PS-INV104064,Inbox/9 - FORT WORTH ARCHIVE,Entered with issues,OK,
10270,1290-Legacy Wire Products,PS-INV104063,2026-09-23T11:39:12Z,lorena@legacywireproducts.com,Legacy Wire Products - Sales Invoice PS-INV104063,Inbox/9 - FORT WORTH ARCHIVE,Entered with issues,OK,
10271,1290-Legacy Wire Products,PS-INV104062,2026-09-23T11:18:46Z,lorena@legacywireproducts.com,Legacy Wire Products - Sales Invoice PS-INV104062,Inbox/9 - FORT WORTH ARCHIVE,Entered with issues,OK,
10272,1290-Legacy Wire Products,PS-INV104054,2026-09-22T15:41:09Z,lorena@legacywireproducts.com,Legacy Wire Products - Sales Invoice PS-INV104054,Inbox/9 - FORT WORTH ARCHIVE,Entered with issues,OK,
10273,1290-Legacy Wire Products,PS-INV104053,2026-09-22T14:43:32Z,lorena@legacywireproducts.com,Legacy Wire Products - Sales Invoice PS-INV104053,Inbox/9 - FORT WORTH ARCHIVE,Entered with issues,OK,
10274,1290-Legacy Wire Products,PS-INV104052,2026-09-22T14:17:26Z,lorena@legacywireproducts.com,Legacy Wire Products - Sales Invoice PS-INV104052,Inbox/9 - FORT WORTH ARCHIVE,Entered with issues,OK,
10275,1290-Legacy Wire Products,PS-INV104051,2026-09-22T13:58:43Z,lorena@legacywireproducts.com,Legacy Wire Products - Sales Invoice PS-INV104051,Inbox,,MOVE (Entered with issues),
10276,1290-Legacy Wire Products,PS-INV104050,2026-09-22T12:47:06Z,lorena@legacywireproducts.com,Legacy Wire Products - Sales Invoice PS-INV104050,Inbox/9 - FORT WORTH ARCHIVE,Entered with issues,OK,
10277,1290-Legacy Wire Products,PS-INV104049,2026-09-22T12:27:50Z,lorena@legacywireproducts.com,Legacy Wire Products - Sales Invoice PS-INV104049,Inbox/9 - FORT WORTH ARCHIVE,Entered with issues,OK,
10278,1290-Legacy Wire Products,PS-INV104048,2026-09-21T20:10:20Z,lorena@legacywireproducts.com,Legacy Wire Products - Sales Invoice PS-INV104048,Inbox/9 - FORT WORTH ARCHIVE,Entered with issues,OK,
10279,1290-Legacy Wire Products,PS-INV104047,2026-09-21T19:55:51Z,lorena@legacywireproducts.com,Legacy Wire Products - Sales Invoice PS-INV104047,Inbox/9 - FORT WORTH ARCHIVE,Entered with issues,OK,
10280,1290-Legacy Wire Products,PS-INV104046,2026-09-21T18:59:20Z,lorena@legacywireproducts.com,Legacy Wire Products - Sales Invoice PS-INV104046,Inbox,,MOVE (Entered with issues),
10281,1290-Legacy Wire Products,PS-INV104045,2026-09-21T16:28:47Z,lorena@legacywireproducts.com,Legacy Wire Products - Sales Invoice PS-INV104045,Inbox/9 - FORT WORTH ARCHIVE,Entered in AI,OK,
10282,1290-Legacy Wire Products,PS-INV104043,2026-09-21T14:39:00Z,lorena@legacywireproducts.com,Legacy Wire Products - Sales Invoice PS-INV104043,Inbox/9 - FORT WORTH ARCHIVE,Entered in AI,OK,
10283,1069-GAS AND SUPPLY,0040446744,2026-09-23T04:55:09Z,billing@gasandsupply.com,Gas&Supply Invoice/Statement,Inbox/9 - FORT WORTH ARCHIVE,Entered in AI,OK,
10284,1069-GAS AND SUPPLY,0040443847,2026-09-22T04:58:41Z,billing@gasandsupply.com,Gas&Supply Invoice/Statement,Inbox/9 - FORT WORTH ARCHIVE,Entered in AI,OK,email matches bills 10284|10285
10285,1069-GAS AND SUPPLY,0040442936,2026-09-22T04:58:41Z,billing@gasandsupply.com,Gas&Supply Invoice/Statement,Inbox/9 - FORT WORTH ARCHIVE,Entered in AI,OK,email matches bills 10284|10285
10286,1069-GAS AND SUPPLY,0040441555,2026-09-19T05:11:50Z,billing@gasandsupply.com,Gas&Supply Invoice/Statement,Inbox/9 - FORT WORTH ARCHIVE,Entered in AI,OK,
10313,999-3P INDUSTRIES,142421,2026-09-21T20:57:04Z,Rachel@3pindustries.com,"INV # 142421 / CPL # 77102, 77101, 77089, 77099, 77098, 77100 / PO # 59124, 59107, 59090, 59031",Inbox/9 - FORT WORTH ARCHIVE,,MOVE (Entered in AI),
10318,"1135-ONEAL STEEL, LLC.",15464074,2026-09-09T04:21:57Z,vsanders@onealsteel.com,O'Neal Steel Invoice For Account # 14748440,Inbox/9 - FORT WORTH ARCHIVE,Entered in AI,OK,
10319,"1135-ONEAL STEEL, LLC.",15467969,2026-09-12T04:23:41Z,vsanders@onealsteel.com,O'Neal Steel Invoice For Account # 14748440,Inbox/9 - FORT WORTH ARCHIVE,Entered in AI,OK,
10320,1064-FASTENAL INDUSTRIAL & CONSTRUCTION  Acct# TXFT40601,TXFT4100349,2026-09-04T23:02:47Z,invoices@fastenal-invoices.com,Fastenal Invoice Notice,Inbox/9 - FORT WORTH ARCHIVE,Entered in AI,OK,email matches bills 10320|10321
10321,1064-FASTENAL INDUSTRIAL & CONSTRUCTION  Acct# TXFT40601,TXFT4100376,2026-09-04T23:02:47Z,invoices@fastenal-invoices.com,Fastenal Invoice Notice,Inbox/9 - FORT WORTH ARCHIVE,Entered in AI,OK,email matches bills 10320|10321
10322,1064-FASTENAL INDUSTRIAL & CONSTRUCTION  Acct# TXFT40601,TXFT4100503,2026-09-19T23:03:57Z,invoices@fastenal-invoices.com,Fastenal Invoice Notice,Inbox/9 - FORT WORTH ARCHIVE,Entered with issues,MOVE (Entered in AI),email matches bills 10322|10323
10323,1064-FASTENAL INDUSTRIAL & CONSTRUCTION  Acct# TXFT40601,TXFT4100537,2026-09-19T23:03:57Z,invoices@fastenal-invoices.com,Fastenal Invoice Notice,Inbox/9 - FORT WORTH ARCHIVE,Entered with issues,MOVE (Entered in AI),email matches bills 10322|10323
10325,1206-EMJ Earl M. Jorgensen Company,S815368432,2026-09-09T03:08:11Z,EMJCreditSouth@emjmetals.com,EARLE M. JORGENSEN COMPANY - Invoices for 09/08/26,Inbox/9 - FORT WORTH ARCHIVE,Entered in AI,OK,
10326,1206-EMJ Earl M. Jorgensen Company,T607621432,2026-09-10T03:11:34Z,EMJCreditSouth@emjmetals.com,EARLE M. JORGENSEN COMPANY - Invoices for 09/09/26,Inbox/9 - FORT WORTH ARCHIVE,Entered in AI,OK,
10327,1206-EMJ Earl M. Jorgensen Company,S815562432,2026-09-11T03:13:27Z,EMJCreditSouth@emjmetals.com,EARLE M. JORGENSEN COMPANY - Invoices for 09/10/26,Inbox/9 - FORT WORTH ARCHIVE,Entered in AI,OK,
10328,1206-EMJ Earl M. Jorgensen Company,T607753432,2026-09-15T03:07:28Z,EMJCreditSouth@emjmetals.com,EARLE M. JORGENSEN COMPANY - Invoices for 09/14/26,Inbox/9 - FORT WORTH ARCHIVE,Entered in AI,OK,email matches bills 10328|10329
10329,1206-EMJ Earl M. Jorgensen Company,T607834432,2026-09-15T03:07:28Z,EMJCreditSouth@emjmetals.com,EARLE M. JORGENSEN COMPANY - Invoices for 09/14/26,Inbox/9 - FORT WORTH ARCHIVE,Entered in AI,OK,email matches bills 10328|10329
10330,1206-EMJ Earl M. Jorgensen Company,T607927432,2026-09-16T03:14:22Z,EMJCreditSouth@emjmetals.com,EARLE M. JORGENSEN COMPANY - Invoices for 09/15/26,Inbox/9 - FORT WORTH ARCHIVE,Entered in AI,OK,
10331,1206-EMJ Earl M. Jorgensen Company,S815764432,2026-09-17T03:07:58Z,EMJCreditSouth@emjmetals.com,EARLE M. JORGENSEN COMPANY - Invoices for 09/16/26,Inbox/9 - FORT WORTH ARCHIVE,Entered in AI,OK,
10332,1206-EMJ Earl M. Jorgensen Company,S815465432,2026-09-18T03:09:55Z,EMJCreditSouth@emjmetals.com,EARLE M. JORGENSEN COMPANY - Invoices for 09/17/26,Inbox/9 - FORT WORTH ARCHIVE,Entered in AI,OK,
10333,1206-EMJ Earl M. Jorgensen Company,S816035432,2026-09-19T03:06:37Z,EMJCreditSouth@emjmetals.com,EARLE M. JORGENSEN COMPANY - Invoices for 09/18/26,Inbox/9 - FORT WORTH ARCHIVE,Entered in AI,OK,
10334,1206-EMJ Earl M. Jorgensen Company,B154229432,2026-09-22T03:08:42Z,EMJCreditSouth@emjmetals.com,EARLE M. JORGENSEN COMPANY - Invoices for 09/21/26,Inbox/9 - FORT WORTH ARCHIVE,Entered in AI,OK,email matches bills 10334|10335
10335,1206-EMJ Earl M. Jorgensen Company,S816212432,2026-09-22T03:08:42Z,EMJCreditSouth@emjmetals.com,EARLE M. JORGENSEN COMPANY - Invoices for 09/21/26,Inbox/9 - FORT WORTH ARCHIVE,Entered in AI,OK,email matches bills 10334|10335
10336,1206-EMJ Earl M. Jorgensen Company,T608354432,2026-09-23T03:11:53Z,EMJCreditSouth@emjmetals.com,EARLE M. JORGENSEN COMPANY - Invoices for 09/22/26,Inbox/9 - FORT WORTH ARCHIVE,Entered in AI,OK,email matches bills 10336|10337
10337,1206-EMJ Earl M. Jorgensen Company,T608428432,2026-09-23T03:11:53Z,EMJCreditSouth@emjmetals.com,EARLE M. JORGENSEN COMPANY - Invoices for 09/22/26,Inbox/9 - FORT WORTH ARCHIVE,Entered in AI,OK,email matches bills 10336|10337
10338,1206-EMJ Earl M. Jorgensen Company,S816419432,2026-09-25T03:09:32Z,EMJCreditSouth@emjmetals.com,EARLE M. JORGENSEN COMPANY - Invoices for 09/24/26,Inbox/9 - FORT WORTH ARCHIVE,Entered in AI,OK,email matches bills 10338|10339
10339,1206-EMJ Earl M. Jorgensen Company,S816504432,2026-09-25T03:09:32Z,EMJCreditSouth@emjmetals.com,EARLE M. JORGENSEN COMPANY - Invoices for 09/24/26,Inbox/9 - FORT WORTH ARCHIVE,Entered in AI,OK,email matches bills 10338|10339
10340,1098-JP STEEL,125362,2026-09-18T14:18:45Z,krista.woodruff@jpsteel.us,JP Steel Invoice# (125362) Transmission for KANNON MFG,Inbox/9 - FORT WORTH ARCHIVE,Entered in AI,OK,
10341,1098-JP STEEL,125363,2026-09-18T14:18:47Z,krista.woodruff@jpsteel.us,JP Steel Invoice# (125363) Transmission for KANNON MFG,Inbox/9 - FORT WORTH ARCHIVE,Entered in AI,OK,
10342,1098-JP STEEL,125364,2026-09-18T14:18:51Z,krista.woodruff@jpsteel.us,JP Steel Invoice# (125364) Transmission for KANNON MFG,Inbox/9 - FORT WORTH ARCHIVE,Entered in AI,OK,
10343,1098-JP STEEL,125365,2026-09-18T14:18:53Z,krista.woodruff@jpsteel.us,JP Steel Invoice# (125365) Transmission for KANNON MFG,Inbox/9 - FORT WORTH ARCHIVE,Entered in AI,OK,
10344,1098-JP STEEL,125366,2026-09-18T14:19:07Z,krista.woodruff@jpsteel.us,JP Steel Invoice# (125366) Transmission for KANNON MFG,Inbox/9 - FORT WORTH ARCHIVE,Entered in AI,OK,
10345,1098-JP STEEL,125367,2026-09-18T14:19:16Z,krista.woodruff@jpsteel.us,JP Steel Invoice# (125367) Transmission for KANNON MFG,Inbox/9 - FORT WORTH ARCHIVE,Entered in AI,OK,
10346,1098-JP STEEL,125436,2026-09-23T15:27:32Z,krista.woodruff@jpsteel.us,JP Steel Invoice# (125436) Transmission for KANNON MFG,Inbox/9 - FORT WORTH ARCHIVE,Entered in AI,OK,
10347,1098-JP STEEL,125437,2026-09-23T15:27:39Z,krista.woodruff@jpsteel.us,JP Steel Invoice# (125437) Transmission for KANNON MFG,Inbox/9 - FORT WORTH ARCHIVE,Entered in AI,OK,
10348,1098-JP STEEL,125499,2026-09-25T16:43:28Z,krista.woodruff@jpsteel.us,JP Steel Invoice# (125499) Transmission for KANNON MFG,Inbox/9 - FORT WORTH ARCHIVE,Entered with issues,MOVE (Entered in AI),
10349,1098-JP STEEL,125500,2026-09-25T16:43:31Z,krista.woodruff@jpsteel.us,JP Steel Invoice# (125500) Transmission for KANNON MFG,Inbox/9 - FORT WORTH ARCHIVE,Entered with issues,MOVE (Entered in AI),
10350,1098-JP STEEL,125501,2026-09-25T16:43:34Z,krista.woodruff@jpsteel.us,JP Steel Invoice# (125501) Transmission for KANNON MFG,Inbox/9 - FORT WORTH ARCHIVE,Entered with issues,MOVE (Entered in AI),
10351,1276-Crosslink Powder Coating,28251,2026-09-17T20:37:21Z,update+accountingcrosslinktxcom@orders.gosteelhead.com,Invoice #28251 for 59137 (#8550) from Crosslink Powder Coating,Inbox/9 - FORT WORTH ARCHIVE,Entered with issues,MOVE (Entered in AI),
10352,1276-Crosslink Powder Coating,28273,2026-09-21T18:49:54Z,update+accountingcrosslinktxcom@orders.gosteelhead.com,Invoice #28273 for 59117 (#8532) from Crosslink Powder Coating,Inbox/9 - FORT WORTH ARCHIVE,Entered with issues,MOVE (Entered in AI),
10353,1276-Crosslink Powder Coating,28307,2026-09-23T13:37:02Z,update+accountingcrosslinktxcom@orders.gosteelhead.com,Invoice #28307 for 59186 (#8626) from Crosslink Powder Coating,Inbox/9 - FORT WORTH ARCHIVE,Entered with issues,MOVE (Entered in AI),
10354,1276-Crosslink Powder Coating,28308,2026-09-23T13:37:24Z,update+accountingcrosslinktxcom@orders.gosteelhead.com,Invoice #28308 for 59203 (#8641) from Crosslink Powder Coating,Inbox/9 - FORT WORTH ARCHIVE,Entered with issues,MOVE (Entered in AI),
10355,1200-WILLBANKS METALS,213645,2026-09-04T23:20:57Z,estevan.uribe@willbanksmetals.com,Invoice-213645,Inbox/9 - FORT WORTH ARCHIVE,Entered in AI,OK,
10356,1011-AIR PRODUCTS,436333415,2026-09-05T01:23:18Z,apdirect@airproducts.com,Air Products Invoice 0436333415 (US10),Inbox/9 - FORT WORTH ARCHIVE,Entered in AI,OK,
10357,1207-UNIFIRST FIRST AID & SAFETY,IN000037249,2026-09-05T06:12:58Z,ARFirstaidinquiry@unifirst.com,Customer #FAS-024795 Invoice #IN000037249,Inbox/9 - FORT WORTH ARCHIVE,Entered in AI,OK,
10358,1270-Greentree,112589,2026-09-08T16:49:17Z,quickbooks@notification.intuit.com,Invoice from Greentree Packaging & Lumber,Inbox,,MOVE (Entered in AI),several emails match this invoice
10359,1213-Alternative Parts Inc,0098626-IN,2026-09-09T13:15:12Z,DoNotReply@altparts.com,Attached is the Invoice for Kannon Mfg dated 9/8/2026.,Inbox/9 - FORT WORTH ARCHIVE,Entered in AI,OK,
10360,1181-TPI,17912,2026-09-09T15:04:38Z,Accounting@TPITexas.com,Invoice - 17912,Inbox/9 - FORT WORTH ARCHIVE,Entered in AI,OK,
10361,1181-TPI,17916,2026-09-09T15:39:21Z,Accounting@TPITexas.com,Invoice - 17916,Inbox/9 - FORT WORTH ARCHIVE,Entered in AI,OK,
10362,1302-Morgan Steel,129425,2026-09-09T17:02:58Z,Emily.Keith@morgansteel.net,Invoice 129425,Inbox/9 - FORT WORTH ARCHIVE,Entered with issues,MOVE (Entered in AI),
10363,1126-MSC INDUSTRIAL SUPPLY,77062711,2026-09-09T18:12:56Z,donotreply@invoices.mscdirect.com,"MSC Invoice 77062711, SOUTHFIELD MI 48033-4432, Your PO# VENDING/1570 (DXED#2026252134305413F7D1)",Inbox/9 - FORT WORTH ARCHIVE,Entered in AI,OK,
10364,1339-Tube Supply,01178303,2026-09-09T18:40:58Z,accounting2@sss-steel.com,Ref 01178303 from TUBE SUPPLY,Inbox/9 - FORT WORTH ARCHIVE,Entered in AI,OK,
10367,1006-A1 IMAGE OFFICE SYSTEMS,67067,2026-09-09T20:32:05Z,a1imageinc@gmail.com,"Invoice 67067 from A-1 IMAGE, INC.",Inbox/9 - FORT WORTH ARCHIVE,Entered with issues,MOVE (Entered in AI),
10368,1062-EASTERN METAL SUPPLY OF TEXAS,821669,2026-10-01T02:07:51Z,TXCREDIT@EASTERNMETAL.COM,MONTHLY STATEMENT,Inbox,,MOVE (Entered in AI),email matches bills 10368|10369; several emails match this invoice
10369,1062-EASTERN METAL SUPPLY OF TEXAS,821670,2026-10-01T02:07:51Z,TXCREDIT@EASTERNMETAL.COM,MONTHLY STATEMENT,Inbox,,MOVE (Entered with issues),email matches bills 10368|10369; several emails match this invoice
10370,1035-BESHERT STEEL PROCESSING,JVT SI-44211,2026-09-10T18:47:15Z,Maria.Paz@BeshertSteel.com,Invoice-JVT SI-44211,Inbox/9 - FORT WORTH ARCHIVE,Entered with issues,MOVE (Entered in AI),
10371,1035-BESHERT STEEL PROCESSING,JVT SI-44212,2026-09-10T18:47:19Z,Maria.Paz@BeshertSteel.com,Invoice-JVT SI-44212,Inbox/9 - FORT WORTH ARCHIVE,Entered with issues,MOVE (Entered in AI),
10372,1035-BESHERT STEEL PROCESSING,JVT SI-44213,2026-09-10T18:47:28Z,Maria.Paz@BeshertSteel.com,Invoice-JVT SI-44213,Inbox/9 - FORT WORTH ARCHIVE,Entered with issues,MOVE (Entered in AI),
10373,1035-BESHERT STEEL PROCESSING,JVT SI-44214,2026-09-10T18:47:28Z,Maria.Paz@BeshertSteel.com,Invoice-JVT SI-44214,Inbox/9 - FORT WORTH ARCHIVE,Entered in AI,OK,
10374,1302-Morgan Steel,129501,2026-09-11T15:45:01Z,Emily.Keith@morgansteel.net,Invoice 129501,Inbox/9 - FORT WORTH ARCHIVE,Entered with issues,MOVE (Entered in AI),
10375,1302-Morgan Steel,129511,2026-09-11T15:46:11Z,Emily.Keith@morgansteel.net,Invoice 129511,Inbox/9 - FORT WORTH ARCHIVE,Entered with issues,MOVE (Entered in AI),
10376,1320-RMP INDUSTRIAL SUPPLY,1473030,2026-09-11T23:02:07Z,jhencke@rmpis.com,"RMP Industrial Supply Inc - Invoice# 1473030, 1473031",Inbox/9 - FORT WORTH ARCHIVE,Entered with issues,MOVE (Entered in AI),email matches bills 10376|10378
10378,1320-RMP INDUSTRIAL SUPPLY,1473031,2026-09-11T23:02:07Z,jhencke@rmpis.com,"RMP Industrial Supply Inc - Invoice# 1473030, 1473031",Inbox/9 - FORT WORTH ARCHIVE,Entered with issues,MOVE (Entered in AI),email matches bills 10376|10378
10379,1187-UNIFIRST CORPORATION,2810810634,2026-09-12T00:18:39Z,UniFirstInvoices@UniFirst.com,Invoice Number 2810810634 from UniFirst,Inbox/9 - FORT WORTH ARCHIVE,Entered with issues,MOVE (Entered in AI),
10380,1011-AIR PRODUCTS,436437181,2026-09-12T01:34:29Z,apdirect@airproducts.com,Air Products Invoice 0436437181 (US10),Inbox/9 - FORT WORTH ARCHIVE,Entered in AI,OK,
10381,1119-METAL SUPERMARKETS,1091811,2026-10-01T12:05:24Z,fortworth@Metalsupermarkets.com,Statement of Account,Inbox,,MOVE (Entered in AI),email matches bills 10381|10392|10414; several emails match this invoice
10382,1403-Green Valley Compressor LLC,2216,2026-09-11T19:36:12Z,quickbooks@notification.intuit.com,New payment request from Green Valley Compressor LLC - invoice 2216,Inbox,,MOVE (Entered in AI),
10383,1126-MSC INDUSTRIAL SUPPLY,78482801,2026-09-14T12:26:36Z,donotreply@invoices.mscdirect.com,"MSC Invoice 78482801, SOUTHFIELD MI 48033-4432, Your PO# VENDING/1572 (DXED#2026257081908300C83A)",Inbox/9 - FORT WORTH ARCHIVE,Entered with issues,MOVE (Entered in AI),
10384,1117-MCQUEARY IND,09-30449,2026-09-14T16:30:32Z,cpa@mcqind.com,Invoice 09-30449 from McQueary Industries,Inbox/9 - FORT WORTH ARCHIVE,Entered with issues,MOVE (Entered in AI),
10385,1011-AIR PRODUCTS,436448543,2026-09-15T01:29:20Z,apdirect@airproducts.com,Air Products Invoice 0436448543 (US10),Inbox/9 - FORT WORTH ARCHIVE,Entered in AI,OK,
10386,1107-LEECO STEEL,623592,2026-09-15T07:13:07Z,Noreplymv@leecosteel.com,Leeco Steel Invoice 623592,Inbox/9 - FORT WORTH ARCHIVE,Entered in AI,OK,
10387,1138-PCT SUPPORT,LS-8578,2026-09-15T08:43:14Z,no-reply@recur360.com,Kannon Manufacturing Inc. - Fort Worth - Invoice # LS-8578 - Due 9/25/2026,Inbox/9 - FORT WORTH ARCHIVE,Entered with issues,MOVE (Entered in AI),
10388,1000-ARROW PLATING,9179828,,,,,,KEEP (source email not found),missing email
10389,1000-ARROW PLATING,9179841,,,,,,KEEP (source email not found),missing email
10390,1311-Hagen's Fasteners,5158738,2026-09-15T14:02:46Z,RBrown@hagensfasteners.com,PO# 59057 (Invoice 5158738),Inbox/9 - FORT WORTH ARCHIVE,Entered with issues,MOVE (Entered in AI),
10391,1334-ROLLED ALLOYS,6874850,2026-09-17T05:34:07Z,edocuments@rolledalloys.com,Rolled Alloys Inc: Invoice(s) for Purchase Order 58980,Inbox/9 - FORT WORTH ARCHIVE,Entered in AI,OK,
10392,1119-METAL SUPERMARKETS,1091888,2026-10-01T12:05:24Z,fortworth@Metalsupermarkets.com,Statement of Account,Inbox,,MOVE (Entered in AI),email matches bills 10381|10392|10414; several emails match this invoice
10393,1388-Central Expanded Metals,76178,2026-09-17T21:29:14Z,cemshipping@centralexpandedmetal.com,Invoice #76178,Inbox/9 - FORT WORTH ARCHIVE,Entered with issues,MOVE (Entered in AI),
10394,1320-RMP INDUSTRIAL SUPPLY,1473284,2026-09-15T23:01:59Z,jhencke@rmpis.com,RMP Industrial Supply Inc - Invoice# 1473284,Inbox/9 - FORT WORTH ARCHIVE,Entered with issues,MOVE (Entered in AI),
10395,1320-RMP INDUSTRIAL SUPPLY,1473396,2026-09-16T23:01:53Z,jhencke@rmpis.com,RMP Industrial Supply Inc - Invoice# 1473396,Inbox/9 - FORT WORTH ARCHIVE,Entered with issues,MOVE (Entered in AI),
10396,1126-MSC INDUSTRIAL SUPPLY,79166301,2026-09-16T17:56:53Z,donotreply@invoices.mscdirect.com,"MSC Invoice 79166301, SOUTHFIELD MI 48033-4432, Your PO# VENDING/1571 (DXED#20262591352078005D9A)",Inbox/9 - FORT WORTH ARCHIVE,Entered with issues,MOVE (Entered in AI),
10398,1383-AFT Industries,52004,2026-09-16T22:16:42Z,accounting@aft-corp.com,"Automated Finishing Technology, seq#206 Invoice Number: 52004 Dated: 9/16/2026",Inbox/9 - FORT WORTH ARCHIVE,Entered with issues,MOVE (Entered in AI),several emails match this invoice
10399,1383-AFT Industries,52005,2026-09-16T22:16:43Z,accounting@aft-corp.com,"Automated Finishing Technology, seq#207 Invoice Number: 52005 Dated: 9/16/2026",Inbox/9 - FORT WORTH ARCHIVE,Entered with issues,MOVE (Entered in AI),
10403,1018-AMERICAN BEARING CO,297087,2026-09-18T16:12:46Z,ar.americanbearing@yahoo.com,1 New Invoice from American Bearing Co.,Inbox/9 - FORT WORTH ARCHIVE,Entered with issues,MOVE (Entered in AI),
10404,1043-CAPITAL MACHINE TECHNOLOGIES,PS-INV103508,2026-09-18T16:50:34Z,ar@capitalmachine.com,"Capital Machine Technologies, LLC - Sales Invoice PS-INV103508 - KANNON MANUFACTURING - AMTECH",Inbox/9 - FORT WORTH ARCHIVE,Entered with issues,MOVE (Entered in AI),
10405,1339-Tube Supply,01179059,2026-09-18T21:40:51Z,accounting2@sss-steel.com,Ref 01179059 from TUBE SUPPLY,Inbox/9 - FORT WORTH ARCHIVE,Entered in AI,OK,
10406,"1150-RYERSON, JOSEPH T. & SON",9307092378,2026-09-19T06:32:17Z,donotreplyinvoice@ryerson.com,PO 59184 Inv# 9307092378,Inbox/9 - FORT WORTH ARCHIVE,Entered with issues,OK,
10407,1043-CAPITAL MACHINE TECHNOLOGIES,PS-INV103602,2026-09-19T14:08:33Z,ar@capitalmachine.com,"Capital Machine Technologies, LLC - Sales Invoice PS-INV103602",Inbox/9 - FORT WORTH ARCHIVE,Entered with issues,MOVE (Entered in AI),several emails match this invoice
10408,1018-AMERICAN BEARING CO,297135,2026-09-21T16:23:15Z,ar.americanbearing@yahoo.com,1 New Invoice from American Bearing Co.,Inbox/9 - FORT WORTH ARCHIVE,Entered in AI,OK,
10409,1289-Phoenix Metals Company,9124298,2026-09-21T17:38:40Z,noreply@phoenixmetals.com,Invoice #9124298,Inbox/9 - FORT WORTH ARCHIVE,Entered with issues,OK,
10410,"1150-RYERSON, JOSEPH T. & SON",9307088587,2026-09-18T06:34:38Z,donotreplyinvoice@ryerson.com,PO 59139 Inv# 9307088587,Inbox/9 - FORT WORTH ARCHIVE,Entered with issues,OK,
10412,1181-TPI,18224,2026-09-21T19:59:09Z,Accounting@TPITexas.com,Invoice - 18224,Inbox/9 - FORT WORTH ARCHIVE,Entered in AI,MOVE (Entered with issues),
10413,1181-TPI,18225,2026-09-21T20:02:12Z,Accounting@TPITexas.com,Invoice - 18225,Inbox/9 - FORT WORTH ARCHIVE,Entered in AI,MOVE (Entered with issues),
10414,1119-METAL SUPERMARKETS,1092061,2026-10-01T12:05:24Z,fortworth@Metalsupermarkets.com,Statement of Account,Inbox,,MOVE (Entered in AI),email matches bills 10381|10392|10414; several emails match this invoice
10415,1050-Venturi Supply (Cohn & Gregory),93675277,2026-09-18T20:04:34Z,AR@venturisupply.com,Invoice 93675277 for Packing List 2161291,Inbox/9 - FORT WORTH ARCHIVE,Entered in AI,OK,
10416,"1150-RYERSON, JOSEPH T. & SON",9307096238,2026-09-22T06:36:04Z,donotreplyinvoice@ryerson.com,PO 59112 Inv# 9307096238,Inbox/9 - FORT WORTH ARCHIVE,Entered in AI,MOVE (Entered with issues),
10417,1157-SHOPPA'S MATERIAL HANDLING,PSI-001235793,2026-09-18T23:10:10Z,shoppas@billtrust.com,Acct No. C109050: Your Invoice From Shoppas Material Handling is Attached,Inbox/9 - FORT WORTH ARCHIVE,Entered with issues,MOVE (Entered in AI),
10418,1157-SHOPPA'S MATERIAL HANDLING,PSI-001235797,2026-09-18T23:10:09Z,shoppas@billtrust.com,Acct No. C109050: Your Invoice From Shoppas Material Handling is Attached,Inbox/9 - FORT WORTH ARCHIVE,Entered with issues,MOVE (Entered in AI),
10419,1187-UNIFIRST CORPORATION,2810814758,2026-09-19T00:18:02Z,UniFirstInvoices@UniFirst.com,Invoice Number 2810814758 from UniFirst,Inbox/9 - FORT WORTH ARCHIVE,Entered with issues,MOVE (Entered in AI),
10420,1011-AIR PRODUCTS,436495428,2026-09-19T01:23:37Z,apdirect@airproducts.com,Air Products Invoice 0436495428 (US10),Inbox/9 - FORT WORTH ARCHIVE,Entered in AI,MOVE (Entered with issues),
10421,1126-MSC INDUSTRIAL SUPPLY,80905881,2026-09-22T19:31:42Z,donotreply@invoices.mscdirect.com,"MSC Invoice 80905881, SOUTHFIELD MI 48033-4432, Your PO# VENDING/1573 (DXED#20262651521446832640)",Inbox/9 - FORT WORTH ARCHIVE,Entered with issues,OK,
10422,1274-K-T Galvanizing Co,120955,2026-09-23T14:18:46Z,michelle@ktgalvanizing.com,Kannon inv 120955 Supersedes inv 120949,Inbox/9 - FORT WORTH ARCHIVE,Entered with issues,MOVE (Entered in AI),
10423,1302-Morgan Steel,129827,2026-09-23T18:31:03Z,Emily.Keith@morgansteel.net,Invoice 129827,Inbox/9 - FORT WORTH ARCHIVE,Entered with issues,MOVE (Entered in AI),
10424,1302-Morgan Steel,129828,2026-09-23T18:31:05Z,Emily.Keith@morgansteel.net,Invoice 129828,Inbox/9 - FORT WORTH ARCHIVE,Entered with issues,MOVE (Entered in AI),
10425,1288-Production Metals Inc,97406,2026-09-23T19:58:58Z,production.metals@sbcglobal.net,Invoice,Inbox/9 - FORT WORTH ARCHIVE,Entered in AI,OK,
10427,1383-AFT Industries,52292,2026-09-23T22:23:33Z,accounting@aft-corp.com,"Automated Finishing Technology, seq#208 Invoice Number: 52292 Dated: 9/23/2026",Inbox/9 - FORT WORTH ARCHIVE,Entered in AI,OK,
10428,1104-KLOECKNER METALS CORP-DFW,15207183,2026-09-24T03:51:23Z,autotask@kloecknermetals.com,Invoice 15207183 from KLOECKNER METALS (Beth Watkins) for customer 1004928,Inbox/9 - FORT WORTH ARCHIVE,Entered in AI,OK,
10429,1069-GAS AND SUPPLY,0040449524,2026-09-24T04:59:18Z,billing@gasandsupply.com,Gas&Supply Invoice/Statement,Inbox/9 - FORT WORTH ARCHIVE,Entered with issues,MOVE (Entered in AI),email matches bills 10429|10430
10430,1069-GAS AND SUPPLY,0040448084,2026-09-24T04:59:18Z,billing@gasandsupply.com,Gas&Supply Invoice/Statement,Inbox/9 - FORT WORTH ARCHIVE,Entered with issues,MOVE (Entered in AI),email matches bills 10429|10430
10431,1069-GAS AND SUPPLY,0040449478,2026-10-01T11:30:28Z,billing@gasandsupply.com,Gas&Supply Invoice/Statement,Inbox,,"KEEP (email contains invoice 0040477446, 0000018220, 0040344711, 0040406308, 0040412279, 0040482402 with no bill)",email matches bills 10128|10131|10431; several emails match this invoice; email contains invoice 0040477446|0000018220|0040344711|0040406308|0040412279|0040482402 with no bill
10432,"1150-RYERSON, JOSEPH T. & SON",9307103750,2026-09-24T06:35:20Z,donotreplyinvoice@ryerson.com,PO 59146 Inv# 9307103750,Inbox/9 - FORT WORTH ARCHIVE,Entered in AI,OK,
10433,"1110-LUXOR STAFFING, INC.",367008,2026-09-24T16:31:43Z,JTorres@LuxorStaffing.com,"Luxor Staffing Invoice-Kannon Manufacturing, Inc",Inbox/9 - FORT WORTH ARCHIVE,Entered with issues,OK,
10434,1126-MSC INDUSTRIAL SUPPLY,81976171,2026-09-24T17:40:56Z,donotreply@invoices.mscdirect.com,"MSC Invoice 81976171, SOUTHFIELD MI 48033-4432, Your PO# VENDING/1574 (DXED#2026267130848480B8DC)",Inbox/9 - FORT WORTH ARCHIVE,Entered with issues,MOVE (Entered in AI),
10435,1274-K-T Galvanizing Co,120990,2026-09-24T18:18:09Z,VenusAccounting@ktgalvanizing.com,KANNON MFG INV 120990,Inbox/9 - FORT WORTH ARCHIVE,Entered in AI,OK,
10436,1138-PCT SUPPORT,23115,2026-09-24T22:40:01Z,quickbooks@notification.intuit.com,Your Invoice from PCT Support - 23115,Inbox/9 - FORT WORTH ARCHIVE,Entered with issues,MOVE (Entered in AI),
10441,1115-MCMASTER-CARR,72502162,2026-09-25T06:41:43Z,invoice.reply@mcmaster.com,Invoice for Your Order 59265,Inbox/9 - FORT WORTH ARCHIVE,Entered in AI,OK,
10444,1035-BESHERT STEEL PROCESSING,JVT SI-44544,2026-09-25T16:22:30Z,Maria.Paz@BeshertSteel.com,Invoice-JVT SI-44544,Inbox/9 - FORT WORTH ARCHIVE,Entered with issues,OK,
10445,1035-BESHERT STEEL PROCESSING,JVT SI-44545,2026-09-25T16:22:32Z,Maria.Paz@BeshertSteel.com,Invoice-JVT SI-44545,Inbox/9 - FORT WORTH ARCHIVE,Entered in AI,OK,
10446,1035-BESHERT STEEL PROCESSING,JVT SI-44546,2026-09-25T16:22:39Z,Maria.Paz@BeshertSteel.com,Invoice-JVT SI-44546,Inbox/9 - FORT WORTH ARCHIVE,Entered in AI,OK,
10447,1200-WILLBANKS METALS,215661,2026-09-25T23:20:13Z,estevan.uribe@willbanksmetals.com,Invoice-215661,Inbox/9 - FORT WORTH ARCHIVE,Entered in AI,OK,
10448,1200-WILLBANKS METALS,215662,2026-09-25T23:20:13Z,estevan.uribe@willbanksmetals.com,Invoice-215662,Inbox/9 - FORT WORTH ARCHIVE,Entered in AI,OK,
10449,1206-EMJ Earl M. Jorgensen Company,T608658432,2026-09-26T03:07:11Z,EMJCreditSouth@emjmetals.com,EARLE M. JORGENSEN COMPANY - Invoices for 09/25/26,Inbox/9 - FORT WORTH ARCHIVE,Entered in AI,OK,
10450,1115-MCMASTER-CARR,72561882,2026-09-26T08:20:44Z,invoice.reply@mcmaster.com,Invoice for Your Order 59287,Inbox/9 - FORT WORTH ARCHIVE,Entered in AI,OK,
10451,1064-FASTENAL INDUSTRIAL & CONSTRUCTION  Acct# TXFT40601,TXFT4100596,2026-09-26T22:23:24Z,invoices@fastenal-invoices.com,Fastenal Invoice Notice,Inbox/9 - FORT WORTH ARCHIVE,Entered in AI,OK,
10452,1126-MSC INDUSTRIAL SUPPLY,82328681,2026-09-25T18:26:08Z,donotreply@invoices.mscdirect.com,"MSC Invoice 82328681, SOUTHFIELD MI 48033-4432, Your PO# VENDING/1574 (DXED#2026268141953943376C)",Inbox/9 - FORT WORTH ARCHIVE,Entered with issues,MOVE (Entered in AI),
10453,1320-RMP INDUSTRIAL SUPPLY,1474130,2026-09-25T23:01:54Z,jhencke@rmpis.com,RMP Industrial Supply Inc - Invoice# 1474130,Inbox/9 - FORT WORTH ARCHIVE,Entered with issues,MOVE (Entered in AI),
10454,1138-PCT SUPPORT,23125,2026-09-25T21:20:24Z,quickbooks@notification.intuit.com,Your Invoice from PCT Support - 23125,Inbox/9 - FORT WORTH ARCHIVE,Entered in AI,OK,
10455,"1182-TRACE METAL INDUSTRIES, INC",238293,2026-10-01T18:17:43Z,accounting@tracemetalindustries.com,"Statement from TRACE METAL INDUSTRIES, INC..",Inbox,,MOVE (Entered in AI),email matches bills 10455|10456; several emails match this invoice
10456,"1182-TRACE METAL INDUSTRIES, INC",238294,2026-10-01T18:17:43Z,accounting@tracemetalindustries.com,"Statement from TRACE METAL INDUSTRIES, INC..",Inbox,,MOVE (Entered in AI),email matches bills 10455|10456; several emails match this invoice
10457,1187-UNIFIRST CORPORATION,2810818189,2026-09-26T00:17:59Z,UniFirstInvoices@UniFirst.com,Invoice Number 2810818189 from UniFirst,Inbox/9 - FORT WORTH ARCHIVE,Entered with issues,MOVE (Entered in AI),
10458,1043-CAPITAL MACHINE TECHNOLOGIES,PS-INV103813,2026-09-27T01:58:32Z,ar@capitalmachine.com,"Capital Machine Technologies, LLC - Sales Invoice PS-INV103813 - AMTECH/KANNON MANUFACTURING",Inbox/9 - FORT WORTH ARCHIVE,Entered with issues,MOVE (Entered in AI),
10459,1043-CAPITAL MACHINE TECHNOLOGIES,PS-INV103814,2026-09-27T02:00:11Z,ar@capitalmachine.com,"Capital Machine Technologies, LLC - Sales Invoice PS-INV103814 - AMTECH/KANNON MANUFACTURING",Inbox/9 - FORT WORTH ARCHIVE,Entered with issues,MOVE (Entered in AI),
10460,1344-Exotic Metals,960315,2026-09-28T20:18:24Z,Theresa.Thornton@exalloys.com,Exotic Metals & Alloys | Invoice Submission |Thank You for Your Business,Inbox/9 - FORT WORTH ARCHIVE,Entered in AI,OK,
10461,1320-RMP INDUSTRIAL SUPPLY,1474266,2026-09-28T23:01:49Z,jhencke@rmpis.com,RMP Industrial Supply Inc - Invoice# 1474266,Inbox/9 - FORT WORTH ARCHIVE,Entered with issues,MOVE (Entered in AI),
10462,1011-AIR PRODUCTS,436566988,2026-09-29T01:37:15Z,apdirect@airproducts.com,Air Products Invoice 0436566988 (US10),Inbox/9 - FORT WORTH ARCHIVE,Entered in AI,OK,
10463,1206-EMJ Earl M. Jorgensen Company,T608738432,2026-09-29T03:06:53Z,EMJCreditSouth@emjmetals.com,EARLE M. JORGENSEN COMPANY - Invoices for 09/28/26,Inbox/9 - FORT WORTH ARCHIVE,Entered in AI,OK,
10465,1086-HUDSON ENERGY-24312,2609000773,2026-09-01T15:50:19Z,no-reply1@hudsonenergy.net,Your Hudson Energy eBill - Period (07/31/2026 - 08/31/2026 ) Due on 09/17/2026 300067525,Inbox/9 - FORT WORTH ARCHIVE,,MOVE (Entered in AI),
10466,"1182-TRACE METAL INDUSTRIES, INC",237704,2026-09-01T19:44:27Z,accounting@tracemetalindustries.com,"Invoices from TRACE METAL INDUSTRIES, INC",Inbox/9 - FORT WORTH ARCHIVE,,MOVE (Entered in AI),
10468,1381-TRICOR METALS,000444279/1/202659035,2026-09-02T18:53:07Z,kstarkey@tricormetals.com,Invoice 00044427,Inbox/3 - RECEIPT INVOICE ISSUES,,MOVE (Entered with issues),
10469,"1110-LUXOR STAFFING, INC.",2221,2026-09-03T18:56:08Z,JTorres@LuxorStaffing.com,"Luxor Staffing Invoice-Kannon Manufacturing, Inc",Inbox/9 - FORT WORTH ARCHIVE,,MOVE (Entered in AI),
10470,"1150-RYERSON, JOSEPH T. & SON",9307057099,2026-09-05T06:29:32Z,donotreplyinvoice@ryerson.com,PO 59064 Inv# 9307057099,Inbox,,MOVE (Entered in AI),
10471,1043-CAPITAL MACHINE TECHNOLOGIES,PS-INV103317,2026-09-11T19:11:40Z,ar@capitalmachine.com,Capital Machine - Sales Invoice PS-INV103317 - KANNON MANUFACTURING - AMTECH,Inbox,,MOVE (Entered in AI),
10472,1337-XCALIBER,WB4337861607,2026-09-11T20:50:10Z,quickbooks@notification.intuit.com,Invoice WB4337861607 from Xcaliber Industrial LLC,Inbox,,MOVE (Entered with issues),
10475,"1135-ONEAL STEEL, LLC.",15409416,2026-09-17T20:32:41Z,mwatkins@onealsteel.com,Payment status requested - 14748440,Inbox,,KEEP (statement or letter awaiting Treyce's deletion),
10476,1327-AM CASTLE & CO,43293871,2026-07-31T05:11:01Z,southcredit@amcastle.com,A. M. Castle & Co. Payment Inquiry: KANNON MFG INC-FT WORTH #32279,Inbox,Investigating,MOVE (Entered with issues),several emails match this invoice
10477,"1135-ONEAL STEEL, LLC.",15478871,2026-09-23T21:59:28Z,msullivan@onealsteel.com,ORDER PENDING PAYMENT STATUS - PLEASE ADVISE BUYER - 14748440,Inbox,,KEEP (letter awaiting Treyce's deletion),
10478,1069-GAS AND SUPPLY,0040455879,2026-09-29T04:48:59Z,billing@gasandsupply.com,Gas&Supply Invoice/Statement,Inbox/9 - FORT WORTH ARCHIVE,Entered with issues,MOVE (Entered in AI),email matches bills 10478|10479|10480|10510
10479,1069-GAS AND SUPPLY,0040455916,2026-09-29T04:48:59Z,billing@gasandsupply.com,Gas&Supply Invoice/Statement,Inbox/9 - FORT WORTH ARCHIVE,Entered with issues,MOVE (Entered in AI),email matches bills 10478|10479|10480|10510
10480,1069-GAS AND SUPPLY,0040455615,2026-09-29T04:48:59Z,billing@gasandsupply.com,Gas&Supply Invoice/Statement,Inbox/9 - FORT WORTH ARCHIVE,Entered with issues,OK,email matches bills 10478|10479|10480|10510
10481,"1150-RYERSON, JOSEPH T. & SON",9307115285,2026-09-29T06:40:31Z,donotreplyinvoice@ryerson.com,PO 59176 Inv# 9307115285,Inbox/9 - FORT WORTH ARCHIVE,Entered in AI,OK,
10482,1157-SHOPPA'S MATERIAL HANDLING,PSI-001239218,2026-09-29T13:51:08Z,shoppas@billtrust.com,Acct No. C109050: Your Invoice From Shoppas Material Handling is Attached,Inbox/9 - FORT WORTH ARCHIVE,Entered with issues,OK,
10483,1157-SHOPPA'S MATERIAL HANDLING,PSI-001240544,2026-09-29T14:00:10Z,shoppas@billtrust.com,Acct No. C109050: Your Invoice From Shoppas Material Handling is Attached,Inbox/9 - FORT WORTH ARCHIVE,Entered with issues,OK,
10484,1181-TPI,18528,2026-09-29T16:26:45Z,Accounting@TPITexas.com,Invoice - 18528,Inbox/9 - FORT WORTH ARCHIVE,Entered in AI,OK,
10485,1181-TPI,18529,2026-09-29T16:27:28Z,Accounting@TPITexas.com,Invoice - 18529,Inbox/9 - FORT WORTH ARCHIVE,Entered in AI,OK,
10486,1181-TPI,18530,2026-09-29T16:30:00Z,Accounting@TPITexas.com,Invoice - 18530,Inbox/9 - FORT WORTH ARCHIVE,Entered in AI,OK,
10487,1020-AMERICAN QUALITY POWDERCOATING,11044,2026-09-29T19:12:15Z,quickbooks@notification.intuit.com,New payment request from AMERICAN QUALITY POWDER COATING - invoice 11044,Inbox/9 - FORT WORTH ARCHIVE,Entered in AI,OK,
10488,1020-AMERICAN QUALITY POWDERCOATING,11043,2026-09-29T19:38:06Z,quickbooks@notification.intuit.com,New payment request from AMERICAN QUALITY POWDER COATING - invoice 11043,Inbox/9 - FORT WORTH ARCHIVE,Entered in AI,OK,
10489,1020-AMERICAN QUALITY POWDERCOATING,11042,2026-09-29T19:38:22Z,quickbooks@notification.intuit.com,New payment request from AMERICAN QUALITY POWDER COATING - invoice 11042,Inbox/9 - FORT WORTH ARCHIVE,Entered in AI,OK,
10490,1020-AMERICAN QUALITY POWDERCOATING,11041,2026-09-29T19:38:36Z,quickbooks@notification.intuit.com,New payment request from AMERICAN QUALITY POWDER COATING - invoice 11041,Inbox/9 - FORT WORTH ARCHIVE,Entered in AI,OK,
10491,1181-TPI,18564,2026-09-29T20:10:49Z,Accounting@TPITexas.com,Invoice - 18564,Inbox/9 - FORT WORTH ARCHIVE,Entered in AI,OK,
10492,1337-XCALIBER,WB4337861639,2026-09-29T21:56:20Z,quickbooks@notification.intuit.com,Invoice WB4337861639 from Xcaliber Industrial LLC,Inbox/9 - FORT WORTH ARCHIVE,Entered in AI,OK,
10493,1200-WILLBANKS METALS,216055,2026-09-29T23:20:26Z,estevan.uribe@willbanksmetals.com,Invoice-216055,Inbox/9 - FORT WORTH ARCHIVE,Entered with issues,MOVE (Entered in AI),
10494,1206-EMJ Earl M. Jorgensen Company,T609053432,2026-09-30T03:11:51Z,EMJCreditSouth@emjmetals.com,EARLE M. JORGENSEN COMPANY - Invoices for 09/29/26,Inbox/9 - FORT WORTH ARCHIVE,Entered with issues,MOVE (Entered in AI),email matches bills 10494|10511
10495,1069-GAS AND SUPPLY,0040459813,2026-09-30T04:43:35Z,billing@gasandsupply.com,Gas&Supply Invoice/Statement,Inbox/9 - FORT WORTH ARCHIVE,Entered in AI,OK,
10496,1020-AMERICAN QUALITY POWDERCOATING,11052,2026-09-30T19:13:11Z,quickbooks@notification.intuit.com,New payment request from AMERICAN QUALITY POWDER COATING - invoice 11052,Inbox/9 - FORT WORTH ARCHIVE,Entered in AI,OK,
10497,1020-AMERICAN QUALITY POWDERCOATING,11051,2026-09-30T19:13:31Z,quickbooks@notification.intuit.com,New payment request from AMERICAN QUALITY POWDER COATING - invoice 11051,Inbox/9 - FORT WORTH ARCHIVE,Entered in AI,OK,
10498,1020-AMERICAN QUALITY POWDERCOATING,11050,2026-09-30T19:13:49Z,quickbooks@notification.intuit.com,New payment request from AMERICAN QUALITY POWDER COATING - invoice 11050,Inbox/9 - FORT WORTH ARCHIVE,Entered in AI,OK,
10499,1020-AMERICAN QUALITY POWDERCOATING,11049,2026-09-30T19:14:12Z,quickbooks@notification.intuit.com,New payment request from AMERICAN QUALITY POWDER COATING - invoice 11049,Inbox/9 - FORT WORTH ARCHIVE,Entered in AI,OK,
10500,1020-AMERICAN QUALITY POWDERCOATING,11047,2026-09-30T19:14:32Z,quickbooks@notification.intuit.com,New payment request from AMERICAN QUALITY POWDER COATING - invoice 11047,Inbox/9 - FORT WORTH ARCHIVE,Entered in AI,OK,
10501,1200-WILLBANKS METALS,216127,2026-09-30T23:21:09Z,estevan.uribe@willbanksmetals.com,Invoice-216127,Inbox/9 - FORT WORTH ARCHIVE,Entered with issues,OK,
10502,1143-PRIORITY 1,18440283,2026-10-01T00:37:25Z,noreply@priority1.com,KANNON MANUFACTURING-(230230-P1) Priority1 Invoice 18440283,Inbox/9 - FORT WORTH ARCHIVE,Entered in AI,OK,
10503,1206-EMJ Earl M. Jorgensen Company,S816901432,2026-10-01T03:12:01Z,EMJCreditSouth@emjmetals.com,EARLE M. JORGENSEN COMPANY - Invoices for 09/30/26,Inbox/9 - FORT WORTH ARCHIVE,Entered with issues,MOVE (Entered in AI),
10504,"1135-ONEAL STEEL, LLC.",15486572,2026-10-01T04:29:10Z,vsanders@onealsteel.com,O'Neal Steel Invoice For Account # 14748440,Inbox/9 - FORT WORTH ARCHIVE,Entered with issues,MOVE (Entered in AI),email matches bills 10504|10505|10506|10507|10508|10509|10512
10505,"1135-ONEAL STEEL, LLC.",15486598,2026-10-01T04:29:10Z,vsanders@onealsteel.com,O'Neal Steel Invoice For Account # 14748440,Inbox/9 - FORT WORTH ARCHIVE,Entered with issues,OK,email matches bills 10504|10505|10506|10507|10508|10509|10512
10506,"1135-ONEAL STEEL, LLC.",15486600,2026-10-01T04:29:10Z,vsanders@onealsteel.com,O'Neal Steel Invoice For Account # 14748440,Inbox/9 - FORT WORTH ARCHIVE,Entered with issues,MOVE (Entered in AI),email matches bills 10504|10505|10506|10507|10508|10509|10512
10507,"1135-ONEAL STEEL, LLC.",15486770,2026-10-01T04:29:10Z,vsanders@onealsteel.com,O'Neal Steel Invoice For Account # 14748440,Inbox/9 - FORT WORTH ARCHIVE,Entered with issues,MOVE (Entered in AI),email matches bills 10504|10505|10506|10507|10508|10509|10512
10508,"1135-ONEAL STEEL, LLC.",15486823,2026-10-01T04:29:10Z,vsanders@onealsteel.com,O'Neal Steel Invoice For Account # 14748440,Inbox/9 - FORT WORTH ARCHIVE,Entered with issues,OK,email matches bills 10504|10505|10506|10507|10508|10509|10512
10509,"1135-ONEAL STEEL, LLC.",15486842,2026-10-01T04:29:10Z,vsanders@onealsteel.com,O'Neal Steel Invoice For Account # 14748440,Inbox/9 - FORT WORTH ARCHIVE,Entered with issues,OK,email matches bills 10504|10505|10506|10507|10508|10509|10512
10510,1069-GAS AND SUPPLY,0040455291,2026-09-29T04:48:59Z,billing@gasandsupply.com,Gas&Supply Invoice/Statement,Inbox/9 - FORT WORTH ARCHIVE,Entered with issues,MOVE (Entered in AI),email matches bills 10478|10479|10480|10510
10511,1206-EMJ Earl M. Jorgensen Company,T609084432,2026-09-30T03:11:51Z,EMJCreditSouth@emjmetals.com,EARLE M. JORGENSEN COMPANY - Invoices for 09/29/26,Inbox/9 - FORT WORTH ARCHIVE,Entered with issues,OK,email matches bills 10494|10511
10512,"1135-ONEAL STEEL, LLC.",15487245,2026-10-01T04:29:10Z,vsanders@onealsteel.com,O'Neal Steel Invoice For Account # 14748440,Inbox/9 - FORT WORTH ARCHIVE,Entered with issues,MOVE (Entered in AI),email matches bills 10504|10505|10506|10507|10508|10509|10512
