old id,new id,received,sender,subject,folder,categories,expected category,result
AAMkAGQyODM5ZWI1LTQ0NDAtNDZiOS1hYTIzLTdjOGM3NDRlNjQ4MgBGAAAAAAAggjN_BHG4TI2Iz-JKRqfaBwDXcyWbp23lSoY0i7GBv6N_AAAAAAEMAADXcyWbp23lSoY0i7GBv6N_AAOoEEFsAAA=,AAMkAGQyODM5ZWI1LTQ0NDAtNDZiOS1hYTIzLTdjOGM3NDRlNjQ4MgBGAAAAAAAggjN_BHG4TI2Iz-JKRqfaBwDXcyWbp23lSoY0i7GBv6N_AACDH-y1AADXcyWbp23lSoY0i7GBv6N_AAOoEFUdAAA=,2026-09-29T06:40:31Z,donotreplyinvoice@ryerson.com,PO 59176 Inv# 9307115285,Inbox/9 - FORT WORTH ARCHIVE,Entered in AI,Entered in AI,ok
AAMkAGQyODM5ZWI1LTQ0NDAtNDZiOS1hYTIzLTdjOGM3NDRlNjQ4MgBGAAAAAAAggjN_BHG4TI2Iz-JKRqfaBwDXcyWbp23lSoY0i7GBv6N_AAAAAAEMAADXcyWbp23lSoY0i7GBv6N_AAOoEEFuAAA=,AAMkAGQyODM5ZWI1LTQ0NDAtNDZiOS1hYTIzLTdjOGM3NDRlNjQ4MgBGAAAAAAAggjN_BHG4TI2Iz-JKRqfaBwDXcyWbp23lSoY0i7GBv6N_AACDH-y1AADXcyWbp23lSoY0i7GBv6N_AAOoEFUeAAA=,2026-09-29T13:51:08Z,shoppas@billtrust.com,Acct No. C109050: Your Invoice From Shoppas Material Handling is Attached,Inbox/9 - FORT WORTH ARCHIVE,Entered with issues,Entered with issues,ok
AAMkAGQyODM5ZWI1LTQ0NDAtNDZiOS1hYTIzLTdjOGM3NDRlNjQ4MgBGAAAAAAAggjN_BHG4TI2Iz-JKRqfaBwDXcyWbp23lSoY0i7GBv6N_AAAAAAEMAADXcyWbp23lSoY0i7GBv6N_AAOoEEFvAAA=,AAMkAGQyODM5ZWI1LTQ0NDAtNDZiOS1hYTIzLTdjOGM3NDRlNjQ4MgBGAAAAAAAggjN_BHG4TI2Iz-JKRqfaBwDXcyWbp23lSoY0i7GBv6N_AACDH-y1AADXcyWbp23lSoY0i7GBv6N_AAOoEFUfAAA=,2026-09-29T14:00:10Z,shoppas@billtrust.com,Acct No. C109050: Your Invoice From Shoppas Material Handling is Attached,Inbox/9 - FORT WORTH ARCHIVE,Entered with issues,Entered with issues,ok
AAMkAGQyODM5ZWI1LTQ0NDAtNDZiOS1hYTIzLTdjOGM3NDRlNjQ4MgBGAAAAAAAggjN_BHG4TI2Iz-JKRqfaBwDXcyWbp23lSoY0i7GBv6N_AAAAAAEMAADXcyWbp23lSoY0i7GBv6N_AAOoEEF1AAA=,AAMkAGQyODM5ZWI1LTQ0NDAtNDZiOS1hYTIzLTdjOGM3NDRlNjQ4MgBGAAAAAAAggjN_BHG4TI2Iz-JKRqfaBwDXcyWbp23lSoY0i7GBv6N_AACDH-y1AADXcyWbp23lSoY0i7GBv6N_AAOoEFUgAAA=,2026-09-29T16:26:45Z,Accounting@TPITexas.com,Invoice - 18528,Inbox/9 - FORT WORTH ARCHIVE,Entered in AI,Entered in AI,ok
AAMkAGQyODM5ZWI1LTQ0NDAtNDZiOS1hYTIzLTdjOGM3NDRlNjQ4MgBGAAAAAAAggjN_BHG4TI2Iz-JKRqfaBwDXcyWbp23lSoY0i7GBv6N_AAAAAAEMAADXcyWbp23lSoY0i7GBv6N_AAOoEEF2AAA=,AAMkAGQyODM5ZWI1LTQ0NDAtNDZiOS1hYTIzLTdjOGM3NDRlNjQ4MgBGAAAAAAAggjN_BHG4TI2Iz-JKRqfaBwDXcyWbp23lSoY0i7GBv6N_AACDH-y1AADXcyWbp23lSoY0i7GBv6N_AAOoEFUhAAA=,2026-09-29T16:27:28Z,Accounting@TPITexas.com,Invoice - 18529,Inbox/9 - FORT WORTH ARCHIVE,Entered in AI,Entered in AI,ok
AAMkAGQyODM5ZWI1LTQ0NDAtNDZiOS1hYTIzLTdjOGM3NDRlNjQ4MgBGAAAAAAAggjN_BHG4TI2Iz-JKRqfaBwDXcyWbp23lSoY0i7GBv6N_AAAAAAEMAADXcyWbp23lSoY0i7GBv6N_AAOoEEF3AAA=,AAMkAGQyODM5ZWI1LTQ0NDAtNDZiOS1hYTIzLTdjOGM3NDRlNjQ4MgBGAAAAAAAggjN_BHG4TI2Iz-JKRqfaBwDXcyWbp23lSoY0i7GBv6N_AACDH-y1AADXcyWbp23lSoY0i7GBv6N_AAOoEFUiAAA=,2026-09-29T16:30:00Z,Accounting@TPITexas.com,Invoice - 18530,Inbox/9 - FORT WORTH ARCHIVE,Entered in AI,Entered in AI,ok
AAMkAGQyODM5ZWI1LTQ0NDAtNDZiOS1hYTIzLTdjOGM3NDRlNjQ4MgBGAAAAAAAggjN_BHG4TI2Iz-JKRqfaBwDXcyWbp23lSoY0i7GBv6N_AAAAAAEMAADXcyWbp23lSoY0i7GBv6N_AAOoEEF5AAA=,AAMkAGQyODM5ZWI1LTQ0NDAtNDZiOS1hYTIzLTdjOGM3NDRlNjQ4MgBGAAAAAAAggjN_BHG4TI2Iz-JKRqfaBwDXcyWbp23lSoY0i7GBv6N_AACDH-y1AADXcyWbp23lSoY0i7GBv6N_AAOoEFUjAAA=,2026-09-29T19:12:15Z,quickbooks@notification.intuit.com,New payment request from AMERICAN QUALITY POWDER COATING - invoice 11044,Inbox/9 - FORT WORTH ARCHIVE,Entered in AI,Entered in AI,ok
AAMkAGQyODM5ZWI1LTQ0NDAtNDZiOS1hYTIzLTdjOGM3NDRlNjQ4MgBGAAAAAAAggjN_BHG4TI2Iz-JKRqfaBwDXcyWbp23lSoY0i7GBv6N_AAAAAAEMAADXcyWbp23lSoY0i7GBv6N_AAOoEEF6AAA=,AAMkAGQyODM5ZWI1LTQ0NDAtNDZiOS1hYTIzLTdjOGM3NDRlNjQ4MgBGAAAAAAAggjN_BHG4TI2Iz-JKRqfaBwDXcyWbp23lSoY0i7GBv6N_AACDH-y1AADXcyWbp23lSoY0i7GBv6N_AAOoEFUkAAA=,2026-09-29T19:38:06Z,quickbooks@notification.intuit.com,New payment request from AMERICAN QUALITY POWDER COATING - invoice 11043,Inbox/9 - FORT WORTH ARCHIVE,Entered in AI,Entered in AI,ok
AAMkAGQyODM5ZWI1LTQ0NDAtNDZiOS1hYTIzLTdjOGM3NDRlNjQ4MgBGAAAAAAAggjN_BHG4TI2Iz-JKRqfaBwDXcyWbp23lSoY0i7GBv6N_AAAAAAEMAADXcyWbp23lSoY0i7GBv6N_AAOoEEF7AAA=,AAMkAGQyODM5ZWI1LTQ0NDAtNDZiOS1hYTIzLTdjOGM3NDRlNjQ4MgBGAAAAAAAggjN_BHG4TI2Iz-JKRqfaBwDXcyWbp23lSoY0i7GBv6N_AACDH-y1AADXcyWbp23lSoY0i7GBv6N_AAOoEFUlAAA=,2026-09-29T19:38:22Z,quickbooks@notification.intuit.com,New payment request from AMERICAN QUALITY POWDER COATING - invoice 11042,Inbox/9 - FORT WORTH ARCHIVE,Entered in AI,Entered in AI,ok
AAMkAGQyODM5ZWI1LTQ0NDAtNDZiOS1hYTIzLTdjOGM3NDRlNjQ4MgBGAAAAAAAggjN_BHG4TI2Iz-JKRqfaBwDXcyWbp23lSoY0i7GBv6N_AAAAAAEMAADXcyWbp23lSoY0i7GBv6N_AAOoEEF8AAA=,AAMkAGQyODM5ZWI1LTQ0NDAtNDZiOS1hYTIzLTdjOGM3NDRlNjQ4MgBGAAAAAAAggjN_BHG4TI2Iz-JKRqfaBwDXcyWbp23lSoY0i7GBv6N_AACDH-y1AADXcyWbp23lSoY0i7GBv6N_AAOoEFUmAAA=,2026-09-29T19:38:36Z,quickbooks@notification.intuit.com,New payment request from AMERICAN QUALITY POWDER COATING - invoice 11041,Inbox/9 - FORT WORTH ARCHIVE,Entered in AI,Entered in AI,ok
AAMkAGQyODM5ZWI1LTQ0NDAtNDZiOS1hYTIzLTdjOGM3NDRlNjQ4MgBGAAAAAAAggjN_BHG4TI2Iz-JKRqfaBwDXcyWbp23lSoY0i7GBv6N_AAAAAAEMAADXcyWbp23lSoY0i7GBv6N_AAOoEEF9AAA=,AAMkAGQyODM5ZWI1LTQ0NDAtNDZiOS1hYTIzLTdjOGM3NDRlNjQ4MgBGAAAAAAAggjN_BHG4TI2Iz-JKRqfaBwDXcyWbp23lSoY0i7GBv6N_AACDH-y1AADXcyWbp23lSoY0i7GBv6N_AAOoEFUnAAA=,2026-09-29T20:10:49Z,Accounting@TPITexas.com,Invoice - 18564,Inbox/9 - FORT WORTH ARCHIVE,Entered in AI,Entered in AI,ok
AAMkAGQyODM5ZWI1LTQ0NDAtNDZiOS1hYTIzLTdjOGM3NDRlNjQ4MgBGAAAAAAAggjN_BHG4TI2Iz-JKRqfaBwDXcyWbp23lSoY0i7GBv6N_AAAAAAEMAADXcyWbp23lSoY0i7GBv6N_AAOoEEF-AAA=,AAMkAGQyODM5ZWI1LTQ0NDAtNDZiOS1hYTIzLTdjOGM3NDRlNjQ4MgBGAAAAAAAggjN_BHG4TI2Iz-JKRqfaBwDXcyWbp23lSoY0i7GBv6N_AACDH-y1AADXcyWbp23lSoY0i7GBv6N_AAOoEFUoAAA=,2026-09-29T21:56:20Z,quickbooks@notification.intuit.com,Invoice WB4337861639 from Xcaliber Industrial LLC,Inbox/9 - FORT WORTH ARCHIVE,Entered in AI,Entered in AI,ok
AAMkAGQyODM5ZWI1LTQ0NDAtNDZiOS1hYTIzLTdjOGM3NDRlNjQ4MgBGAAAAAAAggjN_BHG4TI2Iz-JKRqfaBwDXcyWbp23lSoY0i7GBv6N_AAAAAAEMAADXcyWbp23lSoY0i7GBv6N_AAOoEEGAAAA=,AAMkAGQyODM5ZWI1LTQ0NDAtNDZiOS1hYTIzLTdjOGM3NDRlNjQ4MgBGAAAAAAAggjN_BHG4TI2Iz-JKRqfaBwDXcyWbp23lSoY0i7GBv6N_AACDH-y1AADXcyWbp23lSoY0i7GBv6N_AAOoEFUpAAA=,2026-09-29T23:20:26Z,estevan.uribe@willbanksmetals.com,Invoice-216055,Inbox/9 - FORT WORTH ARCHIVE,Entered with issues,Entered with issues,ok
AAMkAGQyODM5ZWI1LTQ0NDAtNDZiOS1hYTIzLTdjOGM3NDRlNjQ4MgBGAAAAAAAggjN_BHG4TI2Iz-JKRqfaBwDXcyWbp23lSoY0i7GBv6N_AAAAAAEMAADXcyWbp23lSoY0i7GBv6N_AAOoEEGDAAA=,AAMkAGQyODM5ZWI1LTQ0NDAtNDZiOS1hYTIzLTdjOGM3NDRlNjQ4MgBGAAAAAAAggjN_BHG4TI2Iz-JKRqfaBwDXcyWbp23lSoY0i7GBv6N_AACDH-y1AADXcyWbp23lSoY0i7GBv6N_AAOoEFUqAAA=,2026-09-30T04:43:35Z,billing@gasandsupply.com,Gas&Supply Invoice/Statement,Inbox/9 - FORT WORTH ARCHIVE,Entered in AI,Entered in AI,ok
AAMkAGQyODM5ZWI1LTQ0NDAtNDZiOS1hYTIzLTdjOGM3NDRlNjQ4MgBGAAAAAAAggjN_BHG4TI2Iz-JKRqfaBwDXcyWbp23lSoY0i7GBv6N_AAAAAAEMAADXcyWbp23lSoY0i7GBv6N_AAOoEEGKAAA=,AAMkAGQyODM5ZWI1LTQ0NDAtNDZiOS1hYTIzLTdjOGM3NDRlNjQ4MgBGAAAAAAAggjN_BHG4TI2Iz-JKRqfaBwDXcyWbp23lSoY0i7GBv6N_AACDH-y1AADXcyWbp23lSoY0i7GBv6N_AAOoEFUrAAA=,2026-09-30T19:13:11Z,quickbooks@notification.intuit.com,New payment request from AMERICAN QUALITY POWDER COATING - invoice 11052,Inbox/9 - FORT WORTH ARCHIVE,Entered in AI,Entered in AI,ok
AAMkAGQyODM5ZWI1LTQ0NDAtNDZiOS1hYTIzLTdjOGM3NDRlNjQ4MgBGAAAAAAAggjN_BHG4TI2Iz-JKRqfaBwDXcyWbp23lSoY0i7GBv6N_AAAAAAEMAADXcyWbp23lSoY0i7GBv6N_AAOoEEGLAAA=,AAMkAGQyODM5ZWI1LTQ0NDAtNDZiOS1hYTIzLTdjOGM3NDRlNjQ4MgBGAAAAAAAggjN_BHG4TI2Iz-JKRqfaBwDXcyWbp23lSoY0i7GBv6N_AACDH-y1AADXcyWbp23lSoY0i7GBv6N_AAOoEFUsAAA=,2026-09-30T19:13:31Z,quickbooks@notification.intuit.com,New payment request from AMERICAN QUALITY POWDER COATING - invoice 11051,Inbox/9 - FORT WORTH ARCHIVE,Entered in AI,Entered in AI,ok
AAMkAGQyODM5ZWI1LTQ0NDAtNDZiOS1hYTIzLTdjOGM3NDRlNjQ4MgBGAAAAAAAggjN_BHG4TI2Iz-JKRqfaBwDXcyWbp23lSoY0i7GBv6N_AAAAAAEMAADXcyWbp23lSoY0i7GBv6N_AAOoEEGMAAA=,AAMkAGQyODM5ZWI1LTQ0NDAtNDZiOS1hYTIzLTdjOGM3NDRlNjQ4MgBGAAAAAAAggjN_BHG4TI2Iz-JKRqfaBwDXcyWbp23lSoY0i7GBv6N_AACDH-y1AADXcyWbp23lSoY0i7GBv6N_AAOoEFUtAAA=,2026-09-30T19:13:49Z,quickbooks@notification.intuit.com,New payment request from AMERICAN QUALITY POWDER COATING - invoice 11050,Inbox/9 - FORT WORTH ARCHIVE,Entered in AI,Entered in AI,ok
AAMkAGQyODM5ZWI1LTQ0NDAtNDZiOS1hYTIzLTdjOGM3NDRlNjQ4MgBGAAAAAAAggjN_BHG4TI2Iz-JKRqfaBwDXcyWbp23lSoY0i7GBv6N_AAAAAAEMAADXcyWbp23lSoY0i7GBv6N_AAOoEEGNAAA=,AAMkAGQyODM5ZWI1LTQ0NDAtNDZiOS1hYTIzLTdjOGM3NDRlNjQ4MgBGAAAAAAAggjN_BHG4TI2Iz-JKRqfaBwDXcyWbp23lSoY0i7GBv6N_AACDH-y1AADXcyWbp23lSoY0i7GBv6N_AAOoEFUuAAA=,2026-09-30T19:14:12Z,quickbooks@notification.intuit.com,New payment request from AMERICAN QUALITY POWDER COATING - invoice 11049,Inbox/9 - FORT WORTH ARCHIVE,Entered in AI,Entered in AI,ok
AAMkAGQyODM5ZWI1LTQ0NDAtNDZiOS1hYTIzLTdjOGM3NDRlNjQ4MgBGAAAAAAAggjN_BHG4TI2Iz-JKRqfaBwDXcyWbp23lSoY0i7GBv6N_AAAAAAEMAADXcyWbp23lSoY0i7GBv6N_AAOoEEGOAAA=,AAMkAGQyODM5ZWI1LTQ0NDAtNDZiOS1hYTIzLTdjOGM3NDRlNjQ4MgBGAAAAAAAggjN_BHG4TI2Iz-JKRqfaBwDXcyWbp23lSoY0i7GBv6N_AACDH-y1AADXcyWbp23lSoY0i7GBv6N_AAOoEFUvAAA=,2026-09-30T19:14:32Z,quickbooks@notification.intuit.com,New payment request from AMERICAN QUALITY POWDER COATING - invoice 11047,Inbox/9 - FORT WORTH ARCHIVE,Entered in AI,Entered in AI,ok
AAMkAGQyODM5ZWI1LTQ0NDAtNDZiOS1hYTIzLTdjOGM3NDRlNjQ4MgBGAAAAAAAggjN_BHG4TI2Iz-JKRqfaBwDXcyWbp23lSoY0i7GBv6N_AAAAAAEMAADXcyWbp23lSoY0i7GBv6N_AAOoEEGRAAA=,AAMkAGQyODM5ZWI1LTQ0NDAtNDZiOS1hYTIzLTdjOGM3NDRlNjQ4MgBGAAAAAAAggjN_BHG4TI2Iz-JKRqfaBwDXcyWbp23lSoY0i7GBv6N_AACDH-y1AADXcyWbp23lSoY0i7GBv6N_AAOoEFUwAAA=,2026-09-30T23:21:09Z,estevan.uribe@willbanksmetals.com,Invoice-216127,Inbox/9 - FORT WORTH ARCHIVE,Entered with issues,Entered with issues,ok
AAMkAGQyODM5ZWI1LTQ0NDAtNDZiOS1hYTIzLTdjOGM3NDRlNjQ4MgBGAAAAAAAggjN_BHG4TI2Iz-JKRqfaBwDXcyWbp23lSoY0i7GBv6N_AAAAAAEMAADXcyWbp23lSoY0i7GBv6N_AAOoEEGUAAA=,AAMkAGQyODM5ZWI1LTQ0NDAtNDZiOS1hYTIzLTdjOGM3NDRlNjQ4MgBGAAAAAAAggjN_BHG4TI2Iz-JKRqfaBwDXcyWbp23lSoY0i7GBv6N_AACDH-y1AADXcyWbp23lSoY0i7GBv6N_AAOoEFUxAAA=,2026-10-01T00:37:25Z,noreply@priority1.com,KANNON MANUFACTURING-(230230-P1) Priority1 Invoice 18440283,Inbox/9 - FORT WORTH ARCHIVE,Entered in AI,Entered in AI,ok
AAMkAGQyODM5ZWI1LTQ0NDAtNDZiOS1hYTIzLTdjOGM3NDRlNjQ4MgBGAAAAAAAggjN_BHG4TI2Iz-JKRqfaBwDXcyWbp23lSoY0i7GBv6N_AAAAAAEMAADXcyWbp23lSoY0i7GBv6N_AAOoEEGWAAA=,AAMkAGQyODM5ZWI1LTQ0NDAtNDZiOS1hYTIzLTdjOGM3NDRlNjQ4MgBGAAAAAAAggjN_BHG4TI2Iz-JKRqfaBwDXcyWbp23lSoY0i7GBv6N_AACDH-y1AADXcyWbp23lSoY0i7GBv6N_AAOoEFUyAAA=,2026-10-01T03:12:01Z,EMJCreditSouth@emjmetals.com,EARLE M. JORGENSEN COMPANY - Invoices for 09/30/26,Inbox/9 - FORT WORTH ARCHIVE,Entered with issues,Entered with issues,ok
