bill id,invoice #,vendor,attachment id,filename,page count,invoice numbers by page,other invoice numbers,own invoice present,flag
10478,0040455879,1069-GAS AND SUPPLY,162155,2026-09-29_billing01_A3050_c_0040455879_p1-2.pdf,2,1:0040455879; 2:0040455916,0040455916,yes,other-invoice
10479,0040455916,1069-GAS AND SUPPLY,162156,2026-09-29_billing01_A3050_c_0040455916_p2-3.pdf,2,1:0040455916; 2:0040455615,0040455615,yes,other-invoice
10480,0040455615,1069-GAS AND SUPPLY,162157,2026-09-29_billing01_A3050_c_0040455615_p3-4.pdf,2,1:0040455615; 2:0040455291,0040455291,yes,other-invoice
10481,9307115285,"1150-RYERSON, JOSEPH T. & SON",162158,2026-09-29_PO_59176_Inv_9307115285.pdf,1,1:9307115285,,yes,
10482,PSI-001239218,1157-SHOPPA'S MATERIAL HANDLING,162159,2026-09-29_C109050__PSI-001239218__.pdf,5,1:PSI-001239218; 2:(none); 3:(none); 4:(none); 5:(none),,yes,
10483,PSI-001240544,1157-SHOPPA'S MATERIAL HANDLING,162160,2026-09-29_C109050__PSI-001240544__.pdf,4,1:PSI-001240544; 2:(none); 3:(none); 4:(none),,yes,
10484,18528,1181-TPI,162161,2026-09-29_Invoice_-_18528.pdf,1,1:18528,,yes,
10485,18529,1181-TPI,162162,2026-09-29_Invoice_-_18529.pdf,1,1:18529,,yes,
10486,18530,1181-TPI,162163,2026-09-29_Invoice_-_18530.pdf,1,1:18530,,yes,
10487,11044,1020-AMERICAN QUALITY POWDERCOATING,162164,2026-09-29_invoice-11044.pdf,1,1:11044,,yes,
10488,11043,1020-AMERICAN QUALITY POWDERCOATING,162165,2026-09-29_invoice-11043.pdf,1,1:11043,,yes,
10489,11042,1020-AMERICAN QUALITY POWDERCOATING,162166,2026-09-29_invoice-11042.pdf,1,1:11042,,yes,
10490,11041,1020-AMERICAN QUALITY POWDERCOATING,162167,2026-09-29_invoice-11041.pdf,1,1:11041,,yes,
10491,18564,1181-TPI,162168,2026-09-29_Invoice_-_18564.pdf,1,1:18564,,yes,
10492,WB4337861639,1337-XCALIBER,162169,2026-09-29_Invoice_WB4337861639_from_Xcaliber_Industrial_LLC.pdf,1,1:WB4337861639,,yes,
10493,216055,1200-WILLBANKS METALS,162170,2026-09-29_Invoice-216055.pdf,1,1:216055,,yes,
10494,T609053432,1206-EMJ Earl M. Jorgensen Company,162171,2026-09-30_Invoices.pdf,2,1:T609053432; 2:T609084432,T609084432,yes,other-invoice
10495,0040459813,1069-GAS AND SUPPLY,162172,2026-09-30_billing01_A3050_c.pdf,1,1:0040459813,,yes,
10496,11052,1020-AMERICAN QUALITY POWDERCOATING,162173,2026-09-30_invoice-11052.pdf,1,1:11052,,yes,
10497,11051,1020-AMERICAN QUALITY POWDERCOATING,162174,2026-09-30_invoice-11051.pdf,1,1:11051,,yes,
10498,11050,1020-AMERICAN QUALITY POWDERCOATING,162175,2026-09-30_invoice-11050.pdf,1,1:11050,,yes,
10499,11049,1020-AMERICAN QUALITY POWDERCOATING,162176,2026-09-30_invoice-11049.pdf,1,1:11049,,yes,
10500,11047,1020-AMERICAN QUALITY POWDERCOATING,162177,2026-09-30_invoice-11047.pdf,1,1:11047,,yes,
10501,216127,1200-WILLBANKS METALS,162178,2026-09-30_Invoice-216127.pdf,1,1:216127,,yes,
10502,18440283,1143-PRIORITY 1,162179,2026-10-01_Priority1Invoice18440283.pdf,1,1:18440283,,yes,
10503,S816901432,1206-EMJ Earl M. Jorgensen Company,162180,2026-10-01_Invoices.pdf,1,1:S816901432,,yes,
10504,15486572,"1135-ONEAL STEEL, LLC.",162181,2026-10-01_O_Neal_Steel_Invoice_9302026.pdf,8,1:15486572; 2:15486598; 3:15486600; 4:15486770; 5:15486823; 6:15486842; 7:15486842; 8:15487245,15486598|15486600|15486770|15486823|15486842|15487245,yes,other-invoice
10505,15486598,"1135-ONEAL STEEL, LLC.",162182,2026-10-01_O_Neal_Steel_Invoice_9302026.pdf,8,1:15486572; 2:15486598; 3:15486600; 4:15486770; 5:15486823; 6:15486842; 7:15486842; 8:15487245,15486572|15486600|15486770|15486823|15486842|15487245,yes,other-invoice
10506,15486600,"1135-ONEAL STEEL, LLC.",162183,2026-10-01_O_Neal_Steel_Invoice_9302026.pdf,8,1:15486572; 2:15486598; 3:15486600; 4:15486770; 5:15486823; 6:15486842; 7:15486842; 8:15487245,15486572|15486598|15486770|15486823|15486842|15487245,yes,other-invoice
10507,15486770,"1135-ONEAL STEEL, LLC.",162184,2026-10-01_O_Neal_Steel_Invoice_9302026.pdf,8,1:15486572; 2:15486598; 3:15486600; 4:15486770; 5:15486823; 6:15486842; 7:15486842; 8:15487245,15486572|15486598|15486600|15486823|15486842|15487245,yes,other-invoice
10508,15486823,"1135-ONEAL STEEL, LLC.",162185,2026-10-01_O_Neal_Steel_Invoice_9302026.pdf,8,1:15486572; 2:15486598; 3:15486600; 4:15486770; 5:15486823; 6:15486842; 7:15486842; 8:15487245,15486572|15486598|15486600|15486770|15486842|15487245,yes,other-invoice
10509,15486842,"1135-ONEAL STEEL, LLC.",162186,2026-10-01_O_Neal_Steel_Invoice_9302026.pdf,8,1:15486572; 2:15486598; 3:15486600; 4:15486770; 5:15486823; 6:15486842; 7:15486842; 8:15487245,15486572|15486598|15486600|15486770|15486823|15487245,yes,other-invoice
10510,0040455291,1069-GAS AND SUPPLY,162282,bill_0040455291.pdf,1,1:0040455291,,yes,
10511,T609084432,1206-EMJ Earl M. Jorgensen Company,162283,bill_T609084432.pdf,1,1:T609084432,,yes,
10512,15487245,"1135-ONEAL STEEL, LLC.",162284,bill_15487245.pdf,1,1:15487245,,yes,
