current message id,received,sender address,subject,current folder path,categories,lastModifiedDateTime,hasAttachments,invoice #,bill id,bill batch,bill posted,PASS/HOLD,proposed folder,proposed category,flag
AAMkAGQyODM5ZWI1LTQ0NDAtNDZiOS1hYTIzLTdjOGM3NDRlNjQ4MgBGAAAAAAAggjN_BHG4TI2Iz-JKRqfaBwDXcyWbp23lSoY0i7GBv6N_AAAAAAEMAADXcyWbp23lSoY0i7GBv6N_AAOoEEFsAAA=,2026-09-29T06:40:31Z,donotreplyinvoice@ryerson.com,PO 59176 Inv# 9307115285,Inbox,,2026-10-06T14:59:02Z,True,9307115285,10481,API Agent - 10/6/26 Sept,no,PASS,Inbox/9 - FORT WORTH ARCHIVE,Entered in AI,
AAMkAGQyODM5ZWI1LTQ0NDAtNDZiOS1hYTIzLTdjOGM3NDRlNjQ4MgBGAAAAAAAggjN_BHG4TI2Iz-JKRqfaBwDXcyWbp23lSoY0i7GBv6N_AAAAAAEMAADXcyWbp23lSoY0i7GBv6N_AAOoEEFuAAA=,2026-09-29T13:51:08Z,shoppas@billtrust.com,Acct No. C109050: Your Invoice From Shoppas Material Handling is Attached,Inbox,,2026-10-06T14:59:03Z,True,PSI-001239218,10482,TRANSFER AP,no,HOLD,Inbox/9 - FORT WORTH ARCHIVE,Entered with issues,
AAMkAGQyODM5ZWI1LTQ0NDAtNDZiOS1hYTIzLTdjOGM3NDRlNjQ4MgBGAAAAAAAggjN_BHG4TI2Iz-JKRqfaBwDXcyWbp23lSoY0i7GBv6N_AAAAAAEMAADXcyWbp23lSoY0i7GBv6N_AAOoEEFvAAA=,2026-09-29T14:00:10Z,shoppas@billtrust.com,Acct No. C109050: Your Invoice From Shoppas Material Handling is Attached,Inbox,,2026-10-06T14:59:04Z,True,PSI-001240544,10483,TRANSFER AP,no,HOLD,Inbox/9 - FORT WORTH ARCHIVE,Entered with issues,
AAMkAGQyODM5ZWI1LTQ0NDAtNDZiOS1hYTIzLTdjOGM3NDRlNjQ4MgBGAAAAAAAggjN_BHG4TI2Iz-JKRqfaBwDXcyWbp23lSoY0i7GBv6N_AAAAAAEMAADXcyWbp23lSoY0i7GBv6N_AAOoEEF1AAA=,2026-09-29T16:26:45Z,Accounting@TPITexas.com,Invoice - 18528,Inbox,,2026-10-06T14:59:07Z,True,18528,10484,API Agent - 10/6/26 Sept,no,PASS,Inbox/9 - FORT WORTH ARCHIVE,Entered in AI,
AAMkAGQyODM5ZWI1LTQ0NDAtNDZiOS1hYTIzLTdjOGM3NDRlNjQ4MgBGAAAAAAAggjN_BHG4TI2Iz-JKRqfaBwDXcyWbp23lSoY0i7GBv6N_AAAAAAEMAADXcyWbp23lSoY0i7GBv6N_AAOoEEF2AAA=,2026-09-29T16:27:28Z,Accounting@TPITexas.com,Invoice - 18529,Inbox,,2026-10-06T14:59:08Z,True,18529,10485,API Agent - 10/6/26 Sept,no,PASS,Inbox/9 - FORT WORTH ARCHIVE,Entered in AI,
AAMkAGQyODM5ZWI1LTQ0NDAtNDZiOS1hYTIzLTdjOGM3NDRlNjQ4MgBGAAAAAAAggjN_BHG4TI2Iz-JKRqfaBwDXcyWbp23lSoY0i7GBv6N_AAAAAAEMAADXcyWbp23lSoY0i7GBv6N_AAOoEEF3AAA=,2026-09-29T16:30:00Z,Accounting@TPITexas.com,Invoice - 18530,Inbox,,2026-10-06T14:59:09Z,True,18530,10486,API Agent - 10/6/26 Sept,no,PASS,Inbox/9 - FORT WORTH ARCHIVE,Entered in AI,
AAMkAGQyODM5ZWI1LTQ0NDAtNDZiOS1hYTIzLTdjOGM3NDRlNjQ4MgBGAAAAAAAggjN_BHG4TI2Iz-JKRqfaBwDXcyWbp23lSoY0i7GBv6N_AAAAAAEMAADXcyWbp23lSoY0i7GBv6N_AAOoEEF5AAA=,2026-09-29T19:12:15Z,quickbooks@notification.intuit.com,New payment request from AMERICAN QUALITY POWDER COATING - invoice 11044,Inbox,,2026-10-06T14:58:54Z,False,11044,10487,API Agent - 10/6/26 Sept,no,PASS,Inbox/9 - FORT WORTH ARCHIVE,Entered in AI,
AAMkAGQyODM5ZWI1LTQ0NDAtNDZiOS1hYTIzLTdjOGM3NDRlNjQ4MgBGAAAAAAAggjN_BHG4TI2Iz-JKRqfaBwDXcyWbp23lSoY0i7GBv6N_AAAAAAEMAADXcyWbp23lSoY0i7GBv6N_AAOoEEF6AAA=,2026-09-29T19:38:06Z,quickbooks@notification.intuit.com,New payment request from AMERICAN QUALITY POWDER COATING - invoice 11043,Inbox,,2026-10-06T14:58:55Z,False,11043,10488,API Agent - 10/6/26 Sept,no,PASS,Inbox/9 - FORT WORTH ARCHIVE,Entered in AI,
AAMkAGQyODM5ZWI1LTQ0NDAtNDZiOS1hYTIzLTdjOGM3NDRlNjQ4MgBGAAAAAAAggjN_BHG4TI2Iz-JKRqfaBwDXcyWbp23lSoY0i7GBv6N_AAAAAAEMAADXcyWbp23lSoY0i7GBv6N_AAOoEEF7AAA=,2026-09-29T19:38:22Z,quickbooks@notification.intuit.com,New payment request from AMERICAN QUALITY POWDER COATING - invoice 11042,Inbox,,2026-10-06T14:58:55Z,False,11042,10489,API Agent - 10/6/26 Sept,no,PASS,Inbox/9 - FORT WORTH ARCHIVE,Entered in AI,
AAMkAGQyODM5ZWI1LTQ0NDAtNDZiOS1hYTIzLTdjOGM3NDRlNjQ4MgBGAAAAAAAggjN_BHG4TI2Iz-JKRqfaBwDXcyWbp23lSoY0i7GBv6N_AAAAAAEMAADXcyWbp23lSoY0i7GBv6N_AAOoEEF8AAA=,2026-09-29T19:38:36Z,quickbooks@notification.intuit.com,New payment request from AMERICAN QUALITY POWDER COATING - invoice 11041,Inbox,,2026-10-06T14:58:56Z,False,11041,10490,API Agent - 10/6/26 Sept,no,PASS,Inbox/9 - FORT WORTH ARCHIVE,Entered in AI,
AAMkAGQyODM5ZWI1LTQ0NDAtNDZiOS1hYTIzLTdjOGM3NDRlNjQ4MgBGAAAAAAAggjN_BHG4TI2Iz-JKRqfaBwDXcyWbp23lSoY0i7GBv6N_AAAAAAEMAADXcyWbp23lSoY0i7GBv6N_AAOoEEF9AAA=,2026-09-29T20:10:49Z,Accounting@TPITexas.com,Invoice - 18564,Inbox,,2026-10-06T14:59:12Z,True,18564,10491,API Agent - 10/6/26 Sept,no,PASS,Inbox/9 - FORT WORTH ARCHIVE,Entered in AI,
AAMkAGQyODM5ZWI1LTQ0NDAtNDZiOS1hYTIzLTdjOGM3NDRlNjQ4MgBGAAAAAAAggjN_BHG4TI2Iz-JKRqfaBwDXcyWbp23lSoY0i7GBv6N_AAAAAAEMAADXcyWbp23lSoY0i7GBv6N_AAOoEEF-AAA=,2026-09-29T21:56:20Z,quickbooks@notification.intuit.com,Invoice WB4337861639 from Xcaliber Industrial LLC,Inbox,,2026-10-06T14:59:13Z,True,WB4337861639,10492,API Agent - 10/6/26 Sept,no,PASS,Inbox/9 - FORT WORTH ARCHIVE,Entered in AI,
AAMkAGQyODM5ZWI1LTQ0NDAtNDZiOS1hYTIzLTdjOGM3NDRlNjQ4MgBGAAAAAAAggjN_BHG4TI2Iz-JKRqfaBwDXcyWbp23lSoY0i7GBv6N_AAAAAAEMAADXcyWbp23lSoY0i7GBv6N_AAOoEEGAAAA=,2026-09-29T23:20:26Z,estevan.uribe@willbanksmetals.com,Invoice-216055,Inbox,,2026-10-06T14:59:14Z,True,216055,10493,API Agent - 10/6/26 Sept,no,HOLD,Inbox/9 - FORT WORTH ARCHIVE,Entered with issues,
AAMkAGQyODM5ZWI1LTQ0NDAtNDZiOS1hYTIzLTdjOGM3NDRlNjQ4MgBGAAAAAAAggjN_BHG4TI2Iz-JKRqfaBwDXcyWbp23lSoY0i7GBv6N_AAAAAAEMAADXcyWbp23lSoY0i7GBv6N_AAOoEEGDAAA=,2026-09-30T04:43:35Z,billing@gasandsupply.com,Gas&Supply Invoice/Statement,Inbox,,2026-10-06T14:59:16Z,True,0040459813,10495,API Agent - 10/6/26 Sept,no,PASS,Inbox/9 - FORT WORTH ARCHIVE,Entered in AI,
AAMkAGQyODM5ZWI1LTQ0NDAtNDZiOS1hYTIzLTdjOGM3NDRlNjQ4MgBGAAAAAAAggjN_BHG4TI2Iz-JKRqfaBwDXcyWbp23lSoY0i7GBv6N_AAAAAAEMAADXcyWbp23lSoY0i7GBv6N_AAOoEEGKAAA=,2026-09-30T19:13:11Z,quickbooks@notification.intuit.com,New payment request from AMERICAN QUALITY POWDER COATING - invoice 11052,Inbox,,2026-10-06T14:59:04Z,False,11052,10496,API Agent - 10/6/26 Sept,no,PASS,Inbox/9 - FORT WORTH ARCHIVE,Entered in AI,
AAMkAGQyODM5ZWI1LTQ0NDAtNDZiOS1hYTIzLTdjOGM3NDRlNjQ4MgBGAAAAAAAggjN_BHG4TI2Iz-JKRqfaBwDXcyWbp23lSoY0i7GBv6N_AAAAAAEMAADXcyWbp23lSoY0i7GBv6N_AAOoEEGLAAA=,2026-09-30T19:13:31Z,quickbooks@notification.intuit.com,New payment request from AMERICAN QUALITY POWDER COATING - invoice 11051,Inbox,,2026-10-06T14:59:05Z,False,11051,10497,API Agent - 10/6/26 Sept,no,PASS,Inbox/9 - FORT WORTH ARCHIVE,Entered in AI,
AAMkAGQyODM5ZWI1LTQ0NDAtNDZiOS1hYTIzLTdjOGM3NDRlNjQ4MgBGAAAAAAAggjN_BHG4TI2Iz-JKRqfaBwDXcyWbp23lSoY0i7GBv6N_AAAAAAEMAADXcyWbp23lSoY0i7GBv6N_AAOoEEGMAAA=,2026-09-30T19:13:49Z,quickbooks@notification.intuit.com,New payment request from AMERICAN QUALITY POWDER COATING - invoice 11050,Inbox,,2026-10-06T14:59:06Z,False,11050,10498,API Agent - 10/6/26 Sept,no,PASS,Inbox/9 - FORT WORTH ARCHIVE,Entered in AI,
AAMkAGQyODM5ZWI1LTQ0NDAtNDZiOS1hYTIzLTdjOGM3NDRlNjQ4MgBGAAAAAAAggjN_BHG4TI2Iz-JKRqfaBwDXcyWbp23lSoY0i7GBv6N_AAAAAAEMAADXcyWbp23lSoY0i7GBv6N_AAOoEEGNAAA=,2026-09-30T19:14:12Z,quickbooks@notification.intuit.com,New payment request from AMERICAN QUALITY POWDER COATING - invoice 11049,Inbox,,2026-10-06T14:59:06Z,False,11049,10499,API Agent - 10/6/26 Sept,no,PASS,Inbox/9 - FORT WORTH ARCHIVE,Entered in AI,
AAMkAGQyODM5ZWI1LTQ0NDAtNDZiOS1hYTIzLTdjOGM3NDRlNjQ4MgBGAAAAAAAggjN_BHG4TI2Iz-JKRqfaBwDXcyWbp23lSoY0i7GBv6N_AAAAAAEMAADXcyWbp23lSoY0i7GBv6N_AAOoEEGOAAA=,2026-09-30T19:14:32Z,quickbooks@notification.intuit.com,New payment request from AMERICAN QUALITY POWDER COATING - invoice 11047,Inbox,,2026-10-06T14:59:07Z,False,11047,10500,API Agent - 10/6/26 Sept,no,PASS,Inbox/9 - FORT WORTH ARCHIVE,Entered in AI,
AAMkAGQyODM5ZWI1LTQ0NDAtNDZiOS1hYTIzLTdjOGM3NDRlNjQ4MgBGAAAAAAAggjN_BHG4TI2Iz-JKRqfaBwDXcyWbp23lSoY0i7GBv6N_AAAAAAEMAADXcyWbp23lSoY0i7GBv6N_AAOoEEGRAAA=,2026-09-30T23:21:09Z,estevan.uribe@willbanksmetals.com,Invoice-216127,Inbox,,2026-10-06T14:59:24Z,True,216127,10501,TRANSFER AP,no,HOLD,Inbox/9 - FORT WORTH ARCHIVE,Entered with issues,
AAMkAGQyODM5ZWI1LTQ0NDAtNDZiOS1hYTIzLTdjOGM3NDRlNjQ4MgBGAAAAAAAggjN_BHG4TI2Iz-JKRqfaBwDXcyWbp23lSoY0i7GBv6N_AAAAAAEMAADXcyWbp23lSoY0i7GBv6N_AAOoEEGUAAA=,2026-10-01T00:37:25Z,noreply@priority1.com,KANNON MANUFACTURING-(230230-P1) Priority1 Invoice 18440283,Inbox,,2026-10-06T14:59:26Z,True,18440283,10502,API Agent - 10/6/26 Sept,no,PASS,Inbox/9 - FORT WORTH ARCHIVE,Entered in AI,
AAMkAGQyODM5ZWI1LTQ0NDAtNDZiOS1hYTIzLTdjOGM3NDRlNjQ4MgBGAAAAAAAggjN_BHG4TI2Iz-JKRqfaBwDXcyWbp23lSoY0i7GBv6N_AAAAAAEMAADXcyWbp23lSoY0i7GBv6N_AAOoEEGWAAA=,2026-10-01T03:12:01Z,EMJCreditSouth@emjmetals.com,EARLE M. JORGENSEN COMPANY - Invoices for 09/30/26,Inbox,,2026-10-06T14:59:27Z,True,S816901432,10503,API Agent - 10/6/26 Sept,no,HOLD,Inbox/9 - FORT WORTH ARCHIVE,Entered with issues,
