current message id,received,sender address,subject,current folder path,categories,lastModifiedDateTime,hasAttachments,invoice #,bill id,batch,posted,PASS/HOLD,proposed folder,proposed category,flag
AAMkAGQyODM5ZWI1LTQ0NDAtNDZiOS1hYTIzLTdjOGM3NDRlNjQ4MgBGAAAAAAAggjN_BHG4TI2Iz-JKRqfaBwDXcyWbp23lSoY0i7GBv6N_AAAAAAEMAADXcyWbp23lSoY0i7GBv6N_AAOoEEBrAAA=,2026-09-29T04:48:59Z,billing@gasandsupply.com,Gas&Supply Invoice/Statement,Inbox,,2026-10-06T14:56:45Z,True,0040455879,10478,API Agent - 10/6/26 Sept,no,PASS,Inbox/9 - FORT WORTH ARCHIVE,Entered with issues,
AAMkAGQyODM5ZWI1LTQ0NDAtNDZiOS1hYTIzLTdjOGM3NDRlNjQ4MgBGAAAAAAAggjN_BHG4TI2Iz-JKRqfaBwDXcyWbp23lSoY0i7GBv6N_AAAAAAEMAADXcyWbp23lSoY0i7GBv6N_AAOoEEBrAAA=,2026-09-29T04:48:59Z,billing@gasandsupply.com,Gas&Supply Invoice/Statement,Inbox,,2026-10-06T14:56:45Z,True,0040455916,10479,API Agent - 10/6/26 Sept,no,PASS,Inbox/9 - FORT WORTH ARCHIVE,Entered with issues,
AAMkAGQyODM5ZWI1LTQ0NDAtNDZiOS1hYTIzLTdjOGM3NDRlNjQ4MgBGAAAAAAAggjN_BHG4TI2Iz-JKRqfaBwDXcyWbp23lSoY0i7GBv6N_AAAAAAEMAADXcyWbp23lSoY0i7GBv6N_AAOoEEBrAAA=,2026-09-29T04:48:59Z,billing@gasandsupply.com,Gas&Supply Invoice/Statement,Inbox,,2026-10-06T14:56:45Z,True,0040455615,10480,API Agent - 10/6/26 Sept,no,HOLD,Inbox/9 - FORT WORTH ARCHIVE,Entered with issues,
AAMkAGQyODM5ZWI1LTQ0NDAtNDZiOS1hYTIzLTdjOGM3NDRlNjQ4MgBGAAAAAAAggjN_BHG4TI2Iz-JKRqfaBwDXcyWbp23lSoY0i7GBv6N_AAAAAAEMAADXcyWbp23lSoY0i7GBv6N_AAOoEEBrAAA=,2026-09-29T04:48:59Z,billing@gasandsupply.com,Gas&Supply Invoice/Statement,Inbox,,2026-10-06T14:56:45Z,True,0040455291,10510,API Agent - 10/6/26 Sept,no,PASS,Inbox/9 - FORT WORTH ARCHIVE,Entered with issues,
AAMkAGQyODM5ZWI1LTQ0NDAtNDZiOS1hYTIzLTdjOGM3NDRlNjQ4MgBGAAAAAAAggjN_BHG4TI2Iz-JKRqfaBwDXcyWbp23lSoY0i7GBv6N_AAAAAAEMAADXcyWbp23lSoY0i7GBv6N_AAOoEEGCAAA=,2026-09-30T03:11:51Z,EMJCreditSouth@emjmetals.com,EARLE M. JORGENSEN COMPANY - Invoices for 09/29/26,Inbox,,2026-10-06T14:59:14Z,True,T609053432,10494,API Agent - 10/6/26 Sept,no,HOLD,Inbox/9 - FORT WORTH ARCHIVE,Entered with issues,
AAMkAGQyODM5ZWI1LTQ0NDAtNDZiOS1hYTIzLTdjOGM3NDRlNjQ4MgBGAAAAAAAggjN_BHG4TI2Iz-JKRqfaBwDXcyWbp23lSoY0i7GBv6N_AAAAAAEMAADXcyWbp23lSoY0i7GBv6N_AAOoEEGCAAA=,2026-09-30T03:11:51Z,EMJCreditSouth@emjmetals.com,EARLE M. JORGENSEN COMPANY - Invoices for 09/29/26,Inbox,,2026-10-06T14:59:14Z,True,T609084432,10511,TRANSFER AP,no,HOLD,Inbox/9 - FORT WORTH ARCHIVE,Entered with issues,
AAMkAGQyODM5ZWI1LTQ0NDAtNDZiOS1hYTIzLTdjOGM3NDRlNjQ4MgBGAAAAAAAggjN_BHG4TI2Iz-JKRqfaBwDXcyWbp23lSoY0i7GBv6N_AAAAAAEMAADXcyWbp23lSoY0i7GBv6N_AAOoEEB6AAA=,2026-10-01T04:29:10Z,vsanders@onealsteel.com, O'Neal Steel Invoice For Account # 14748440 ,Inbox,,2026-10-06T14:56:57Z,True,15486572,10504,API Agent - 10/6/26 Sept,no,PASS,Inbox/9 - FORT WORTH ARCHIVE,Entered with issues,
AAMkAGQyODM5ZWI1LTQ0NDAtNDZiOS1hYTIzLTdjOGM3NDRlNjQ4MgBGAAAAAAAggjN_BHG4TI2Iz-JKRqfaBwDXcyWbp23lSoY0i7GBv6N_AAAAAAEMAADXcyWbp23lSoY0i7GBv6N_AAOoEEB6AAA=,2026-10-01T04:29:10Z,vsanders@onealsteel.com, O'Neal Steel Invoice For Account # 14748440 ,Inbox,,2026-10-06T14:56:57Z,True,15486598,10505,TRANSFER AP,no,HOLD,Inbox/9 - FORT WORTH ARCHIVE,Entered with issues,
AAMkAGQyODM5ZWI1LTQ0NDAtNDZiOS1hYTIzLTdjOGM3NDRlNjQ4MgBGAAAAAAAggjN_BHG4TI2Iz-JKRqfaBwDXcyWbp23lSoY0i7GBv6N_AAAAAAEMAADXcyWbp23lSoY0i7GBv6N_AAOoEEB6AAA=,2026-10-01T04:29:10Z,vsanders@onealsteel.com, O'Neal Steel Invoice For Account # 14748440 ,Inbox,,2026-10-06T14:56:57Z,True,15486600,10506,API Agent - 10/6/26 Sept,no,PASS,Inbox/9 - FORT WORTH ARCHIVE,Entered with issues,
AAMkAGQyODM5ZWI1LTQ0NDAtNDZiOS1hYTIzLTdjOGM3NDRlNjQ4MgBGAAAAAAAggjN_BHG4TI2Iz-JKRqfaBwDXcyWbp23lSoY0i7GBv6N_AAAAAAEMAADXcyWbp23lSoY0i7GBv6N_AAOoEEB6AAA=,2026-10-01T04:29:10Z,vsanders@onealsteel.com, O'Neal Steel Invoice For Account # 14748440 ,Inbox,,2026-10-06T14:56:57Z,True,15486770,10507,API Agent - 10/6/26 Sept,no,PASS,Inbox/9 - FORT WORTH ARCHIVE,Entered with issues,
AAMkAGQyODM5ZWI1LTQ0NDAtNDZiOS1hYTIzLTdjOGM3NDRlNjQ4MgBGAAAAAAAggjN_BHG4TI2Iz-JKRqfaBwDXcyWbp23lSoY0i7GBv6N_AAAAAAEMAADXcyWbp23lSoY0i7GBv6N_AAOoEEB6AAA=,2026-10-01T04:29:10Z,vsanders@onealsteel.com, O'Neal Steel Invoice For Account # 14748440 ,Inbox,,2026-10-06T14:56:57Z,True,15486823,10508,TRANSFER AP,no,HOLD,Inbox/9 - FORT WORTH ARCHIVE,Entered with issues,
AAMkAGQyODM5ZWI1LTQ0NDAtNDZiOS1hYTIzLTdjOGM3NDRlNjQ4MgBGAAAAAAAggjN_BHG4TI2Iz-JKRqfaBwDXcyWbp23lSoY0i7GBv6N_AAAAAAEMAADXcyWbp23lSoY0i7GBv6N_AAOoEEB6AAA=,2026-10-01T04:29:10Z,vsanders@onealsteel.com, O'Neal Steel Invoice For Account # 14748440 ,Inbox,,2026-10-06T14:56:57Z,True,15486842,10509,API Agent - 10/6/26 Sept,no,HOLD,Inbox/9 - FORT WORTH ARCHIVE,Entered with issues,
AAMkAGQyODM5ZWI1LTQ0NDAtNDZiOS1hYTIzLTdjOGM3NDRlNjQ4MgBGAAAAAAAggjN_BHG4TI2Iz-JKRqfaBwDXcyWbp23lSoY0i7GBv6N_AAAAAAEMAADXcyWbp23lSoY0i7GBv6N_AAOoEEB6AAA=,2026-10-01T04:29:10Z,vsanders@onealsteel.com, O'Neal Steel Invoice For Account # 14748440 ,Inbox,,2026-10-06T14:56:57Z,True,15487245,10512,API Agent - 10/6/26 Sept,no,HOLD,Inbox/9 - FORT WORTH ARCHIVE,Entered with issues,
