bill,vendor,invoice#,header total,sum of lines+charges,gap,items/GL used,receipts selected,batch,note id + note text,attachment page count
10513,1126-MSC INDUSTRIAL SUPPLY,78129701,1857.28,1857.28,0.00,"Machining Tools-. (Inserts, taps, drills, and end mills) / GL blank; Shop Supplies - G&S-. (Abrasive discs and cross pads) / GL blank",none,749 API Agent - 10/7/26 Sept missed,1708 | AP Clerk: @Treyce Hodges MSC Industrial Supply invoice 78129701. VENDING/1571 is not a KIMCO purchase order. Machining tools are item 53 and abrasive discs and pads are item 31. The bill is not posted.,3
10514,1126-MSC INDUSTRIAL SUPPLY,82970031,70.68,70.68,0.00,"Machining Tools-. (Inserts, taps, drills, and end mills) / GL blank",none,749 API Agent - 10/7/26 Sept missed,"1709 | AP Clerk: @Treyce Hodges MSC Industrial Supply invoice 82970031. VENDING/1575 is not a KIMCO purchase order. Both lines are machining tools, item 53. The bill is not posted.",2
10515,1043-CAPITAL MACHINE TECHNOLOGIES,PS-INV103344,610.00,610.00,0.00,"Equipment Repair & Maint.-. (Labor non-warranty break-fix, 2 hours) / GL blank; Equipment Repair & Maint.-. (Shop supplies break-fix) / GL blank; Equipment Repair & Maint.-. (Travel non-warranty break-fix) / GL blank",none,749 API Agent - 10/7/26 Sept missed,"1710 | AP Clerk: @Treyce Hodges Capital Machine Technologies invoice PS-INV103344. External document 59088 is not used as a receipt match. Labor, shop supplies, and travel are item 46 Equipment Repair & Maint. The bill is not posted.",1
10516,1337-XCALIBER,WB4337861620,419.76,419.76,0.00,4082T15 - Brass Body On/Off Valve with T-Handle 3/4 NPT Female: / GL blank; charge Freight External-Freight External 38.32,24120 PO59126-XCALIBER - 2026/9/16,749 API Agent - 10/7/26 Sept missed,"1711 | AP Clerk: @Treyce Hodges Xcaliber Industrial invoice WB4337861620. Receipt 24120 is 24 valves at $15.8933, $381.44. Freight $38.32 is Freight External, not a price variance. The bill is not posted.",1
10517,1321-TECHNI-TOOL INC,S1395419.001,1639.10,0.00,1639.10,,none,375 TRANSFER AP,"1712 | AP Clerk: @Shawn McKibben Techni-Tool invoice S1395419.001. PO 59299 line 1 is 1 drum of Q-CUT 216 at $1,581.53 and has no receipt. Shipping and handling $57.57 is a fee, not a price variance. Nothing was selected. The bill is not posted. It is on hold in Transfer AP.",1
10518,1321-TECHNI-TOOL INC,S1395419.002,135.58,0.00,135.58,,none,375 TRANSFER AP,"1713 | AP Clerk: @Shawn McKibben Techni-Tool invoice S1395419.002. PO 59299 line 2 is the Mixx lockout at $108.00 and has no receipt. Shipping and handling $27.58 is a fee, not a price variance. Nothing was selected. The bill is not posted. It is on hold in Transfer AP.",1
10519,1213-Alternative Parts Inc,0099474-IN,807.34,807.34,0.00,line / GL blank; charge Freight External-Freight External 27.34,25061 PO59302-CAPITAL MACHINE TECHNOLOGIES - 2026/9/30,749 API Agent - 10/7/26 Sept missed,"1714 | AP Clerk: @Treyce Hodges Alternative Parts Inc invoice 0099474-IN. The invoice prints PO 59302, 20 S1.0 FE nozzles at $39.00. Receipt 25061 matches $780.00. Freight $27.34 is Freight External. PO 59295 is an A1 Image contract and was not used. The bill is not posted.",1
10520,1320-RMP INDUSTRIAL SUPPLY,1474316,228.82,228.82,0.00,Machining Tools-. (TMC 3-575-030P bull head live center) / GL blank; charge Freight External-Freight External 15.27,none,749 API Agent - 10/7/26 Sept missed,"1715 | AP Clerk: @Treyce Hodges RMP Industrial Supply invoice 1474316. The invoice PO is verbal. PO 59273 is an EMJ tube purchase, so its receipt was not selected. The live center is machining tools item 53. Freight $15.27 is Freight External. The bill is not posted.",1
10521,1320-RMP INDUSTRIAL SUPPLY,1474409,119.03,119.03,0.00,"Machining Tools-. (TFM 2413926 FLDC grooving insert, qty 5) / GL blank; charge Freight External-Freight External 14.61",none,749 API Agent - 10/7/26 Sept missed,"1716 | AP Clerk: @Treyce Hodges RMP Industrial Supply invoice 1474409. The invoice PO is verbal. PO 59298 is an AQPC purchase, so its receipts were not selected. The inserts are machining tools item 53. Freight $14.61 is Freight External. The bill is not posted.",1
10522,1328-P&B TESTING,389070,340.00,340.00,0.00,124217P3 - TBGHGR BDY T40-CCL REV. A01 / GL blank; charge Purchase Price Variance 25.0,24939 PO59284-P&B TESTING - 2026/9/29,749 API Agent - 10/7/26 Sept missed,"1717 | AP Clerk: @Treyce Hodges P&B Testing invoice 389070. Receipt 24939 is 21 at $15.00, $315.00. The invoice quotes the same 21 pieces at $340.00. The $25.00 gap is under $75 and is purchase price variance. The bill is not posted.",1
10523,1016-AMADA AMERICA Acct# 45624,IN0000183743,1399.24,1399.24,0.00,line / GL blank; charge Freight External-Freight External 26.44,25320 PO58150-AMADA AMERICA Acct# 45624 - 2026/10/6,749 API Agent - 10/7/26 Sept missed,"1718 | AP Clerk: @Treyce Hodges Amada America invoice IN0000183743. Receipt 25320 is the aspheric lens repair at $1,372.80. Freight $26.44 is Freight External. The bill is not posted.",1
10524,1276-Crosslink Powder Coating,28377,1245.81,1245.81,0.00,1020249-1 - PEDESTAL WELDMENT / GL blank; charge F-Fees & Surcharges 12.33; charge Purchase Price Variance 69.84,"25174 PO59225-Crosslink Powder Coating - 2026/10/1, 25175 PO59225-Crosslink Powder Coating - 2026/10/1",749 API Agent - 10/7/26 Sept missed,"1719 | AP Clerk: @Treyce Hodges Crosslink Powder Coating invoice 28377. Receipts 25174 and 25175 are 6 at $193.94, $1,163.64. The coating line is 6 at $205.58, $1,233.48. The $69.84 gap is under $75 and is purchase price variance. Packaging $12.33 is a fee, not a price variance. The printed total is $1,245.81. The bill is not posted.",2
10525,1211-Lee Spring Company,1390049,660.50,0.00,660.50,,none,375 TRANSFER AP,1720 | AP Clerk: @Shawn McKibben Lee Spring Company invoice 1390049. PO 59332 is 50 extension springs at $13.21 and has no receipt. The unit is each on both the invoice and the purchase order. Nothing was selected. The bill is not posted. It is on hold in Transfer AP.,1
10526,1069-GAS AND SUPPLY,0040462826,704.00,704.00,0.00,"Shop Supplies - G&S-. (300B12 compressed gas, qty 2) / GL blank",none,749 API Agent - 10/7/26 Sept missed,1721 | AP Clerk: Gas and Supply invoice 0040462826. Customer PO GAS is not a KIMCO purchase order. Shop supplies item 31. No sales tax. The bill is not posted.,1
10527,1069-GAS AND SUPPLY,0040460840,296.76,296.76,0.00,"Shop Supplies - G&S-. (Harrington hoist, qty 2) / GL blank",none,749 API Agent - 10/7/26 Sept missed,1722 | AP Clerk: Gas and Supply invoice 0040460840. Customer PO NEED PO is not a KIMCO purchase order. Shop supplies item 31. No sales tax. The bill is not posted.,1
10528,1069-GAS AND SUPPLY,0040461079,385.15,385.15,0.00,Shop Supplies - G&S-. (Wire Wizard universal drum dolly) / GL blank,none,749 API Agent - 10/7/26 Sept missed,1723 | AP Clerk: Gas and Supply invoice 0040461079. Customer PO SHOP is not a KIMCO purchase order. Shop supplies item 31. No sales tax. The bill is not posted.,1
10529,1069-GAS AND SUPPLY,0040461906,220.50,220.50,0.00,"Shop Supplies - G&S-. (300 compressed gas, qty 6) / GL blank; Shop Supplies - G&S-. (300 argon, qty 1) / GL blank; Shop Supplies - G&S-. (Fuel surcharge) / GL blank",none,749 API Agent - 10/7/26 Sept missed,"1724 | AP Clerk: Gas and Supply invoice 0040461906. Customer PO CHECK STOP is not a KIMCO purchase order. Shop supplies item 31, including the fuel surcharge. No sales tax. The bill is not posted.",2
10530,1069-GAS AND SUPPLY,0040461132,170.85,170.85,0.00,Shop Supplies - G&S-. (Wire Wizard torch wizard) / GL blank,none,749 API Agent - 10/7/26 Sept missed,1725 | AP Clerk: Gas and Supply invoice 0040461132. Customer PO SHOP is not a KIMCO purchase order. Shop supplies item 31. No sales tax. The bill is not posted.,1
10531,1069-GAS AND SUPPLY,0040472242,1563.16,1563.16,0.00,Shop Supplies - G&S-. (12-pack bank rental) / GL blank; Shop Supplies - G&S-. (High pressure cylinder rental) / GL blank; Shop Supplies - G&S-. (Low pressure cylinder rental) / GL blank; Shop Supplies - G&S-. (8 gallon propane cylinder rental) / GL blank; Shop Supplies - G&S-. (Maintenance and tracking fee) / GL blank,none,749 API Agent - 10/7/26 Sept missed,"1726 | AP Clerk: Gas and Supply invoice 0040472242. Cylinder rental invoice pages, not the statement. Shop supplies item 31. No sales tax. The bill is not posted.",2
10532,1069-GAS AND SUPPLY,0040401083,1463.17,1463.17,0.00,Shop Supplies - G&S-. (12-pack bank rental) / GL blank; Shop Supplies - G&S-. (High pressure cylinder rental) / GL blank; Shop Supplies - G&S-. (Low pressure cylinder rental) / GL blank; Shop Supplies - G&S-. (8 gallon propane cylinder rental) / GL blank; Shop Supplies - G&S-. (Cylinder maintenance) / GL blank,none,749 API Agent - 10/7/26 Sept missed,"1727 | AP Clerk: Gas and Supply invoice 0040401083. Cylinder rental invoice pages dated 8/31/26, not the statement. Shop supplies item 31. No sales tax. The bill is not posted.",2
10533,1069-GAS AND SUPPLY,0040406308,130.10,130.10,0.00,Shop Supplies - G&S-. (8 gallon propane cylinder rental) / GL blank; Shop Supplies - G&S-. (Cylinder maintenance) / GL blank,none,749 API Agent - 10/7/26 Sept missed,"1728 | AP Clerk: Gas and Supply invoice 0040406308. Cylinder rental invoice page dated 8/31/26, not the statement. Shop supplies item 31. No sales tax. The bill is not posted.",1
10534,1069-GAS AND SUPPLY,0040477446,131.35,131.35,0.00,Shop Supplies - G&S-. (8 gallon propane cylinder rental) / GL blank; Shop Supplies - G&S-. (Maintenance and tracking fee) / GL blank,none,749 API Agent - 10/7/26 Sept missed,"1729 | AP Clerk: Gas and Supply invoice 0040477446. Cylinder rental invoice page, not the statement line. Shop supplies item 31. No sales tax. The 10/1 G1378 statement email was not moved. The bill is not posted.",1
10535,1191-VINEYARD KINDLE CPA,4940,3506.25,3506.25,0.00,"Legal & Professional-. (Tax advisory and consulting, fixed asset true-up) / GL blank",none,749 API Agent - 10/7/26 Sept missed,1730 | AP Clerk: @Treyce Hodges Vineyard Advisors & CPAs invoice 4940. Coded like Vineyard Kindle CPA bill 8771: Legal & Professional item 18. No purchase order. Due on the invoice is 9/30/26. The bill is not posted.,1
10536,1076-GRM INFORMATION MANAGEMENT SERVICES,00013160,196.84,196.84,0.00,Facility Maint. & Storage-. (Container storage) / GL blank; Facility Maint. & Storage-. (Account maintenance fee) / GL blank; Facility Maint. & Storage-. (Check processing fee) / GL blank; Facility Maint. & Storage-. (File folder tracking) / GL blank,none,749 API Agent - 10/7/26 Sept missed,1731 | AP Clerk: @Treyce Hodges GRM Information Management invoice 00013160. Coded like GRM bill 10243: Facility Maint. & Storage item 44. No purchase order. The bill is not posted.,1
10537,1440-ABY Benefits LLC,154258,45.00,45.00,0.00,Employee Benefits-. (COBRA administration fees for August) / GL blank,none,749 API Agent - 10/7/26 Sept missed,1732 | AP Clerk: @Treyce Hodges ABY Benefits invoice 154258. Coded like ABY bill 10194: Employee Benefits item 30. This invoice is $45.00. The customer balance of $90.00 was not entered. The bill is not posted.,1
