bill,invoice#,before state,after state,PO lookup finding,receipts selected,PPV,batch,note id + text
10552,PS-INV104080,TRANSFER AP covered 0,HOLD TRANSFER AP covered 0,"PO 59271 is open Legacy Wire Products id 7273. Lines 01-02 are 17 ea and 33 ea 75-10-201007 at $41, received 0. No receipt on the line or in the receipts list.",,,TRANSFER AP,"1763: AP Clerk: @Shawn McKibben Legacy Wire Products invoice PS-INV104080 stays on hold and is not posted. The PDF total is $2,506.50. Purchase order 59271 is open for Legacy Wire Products. No receipt recorded yet on PO 59271 for 17 ea and 33 ea 75-10-201007. Received quantity is 0. Nothing was selected. The bill stays in Transfer AP."
10555,18664,TRANSFER AP covered 0,HOLD TRANSFER AP covered 0,"PO 58931 receipt 24982 is 66 ea A-04421-000 for $7,171.56 and is already invoiced by bill 10491 invoice 18564 (1181-TPI). No uninvoiced qty-66 receipt.",,,TRANSFER AP,"1769: AP Clerk: @Shawn McKibben Telecom Products invoice 18664 stays on hold and is not posted. The PDF total is $7,171.56. The qty-66 receipt 24982 on PO 58931 is 66 ea A-04421-000 at $7,171.56 and is already invoiced by bill 10491 invoice 18564. No open uninvoiced receipt matches. Nothing was selected. The bill stays in Transfer AP."
10556,18676,TRANSFER AP covered 0,HOLD TRANSFER AP covered 0,PO 58966 has no qty-38 receipt. Receipt 24987 is 62 ea A-04421-000 and is already invoiced by bill 10554 invoice 18663. Remaining quantity 38 is not received.,,,TRANSFER AP,"1770: AP Clerk: @Shawn McKibben Telecom Products invoice 18676 stays on hold and is not posted. The PDF total is $4,129.08. No qty-38 receipt exists on PO 58966. Receipt 24987 is 62 ea A-04421-000 and is already invoiced by bill 10554 invoice 18663. The remaining 38 ea are not received. Nothing was selected. The bill stays in Transfer AP."
10557,18677,TRANSFER AP covered 0,HOLD TRANSFER AP covered 0,"PO 59043 is open TPI id 7045. Line 01 is 100 ea A-04421-000 at $108.66, received 0. No receipt recorded.",,,TRANSFER AP,"1764: AP Clerk: @Shawn McKibben Telecom Products invoice 18677 stays on hold and is not posted. The PDF total is $10,757.34. Purchase order 59043 is open for TPI. No receipt recorded yet on PO 59043 for 99 ea A-04421-000. Received quantity is 0 of 100. Nothing was selected. The bill stays in Transfer AP."
10558,18678,TRANSFER AP covered 0,HOLD TRANSFER AP covered 0,"PO 59043 is open TPI id 7045. Same line, received 0. No receipt for 1 ea A-04421-000.",,,TRANSFER AP,1765: AP Clerk: @Shawn McKibben Telecom Products invoice 18678 stays on hold and is not posted. The PDF total is $108.66. Purchase order 59043 is open for TPI. No receipt recorded yet on PO 59043 for 1 ea A-04421-000. Received quantity is 0. Nothing was selected. The bill stays in Transfer AP.
10559,18679,TRANSFER AP covered 0,HOLD TRANSFER AP covered 0,"PO 59061 is open TPI id 7063. Line 01 is 100 ea A-04421-000 at $108.66, received 0. No receipt recorded.",,,TRANSFER AP,1766: AP Clerk: @Shawn McKibben Telecom Products invoice 18679 stays on hold and is not posted. The PDF total is $325.98. Purchase order 59061 is open for TPI. No receipt recorded yet on PO 59061 for 3 ea A-04421-000. Received quantity is 0 of 100. Nothing was selected. The bill stays in Transfer AP.
10562,2810822429,TRANSFER AP covered 928.58,PASS API Agent - 10/8/26 covered 928.54,Taxes tab does not allow edits. Tax stays $69.26 on taxable $859.32 at 8.06%. PPV -$0.04 makes the bill $928.54. Moved to batch 750. No receipts.,,-0.04,API Agent - 10/8/26,1771: AP Clerk: @Treyce Hodges UniFirst invoice 2810822429 is entered and is not posted. The PDF total is $928.54. KIMCO tax stays $69.26 because the tax code computes taxable $859.32 at 8.06 percent. A purchase price variance of -$0.04 makes the bill match the printed total. The four cents are under the $75 PPV limit. The bill is in batch API Agent - 10/8/26.
10564,PS-INV104085,TRANSFER AP covered 0,HOLD TRANSFER AP covered 0,"PO 59283 is open Legacy Wire Products id 7285. Lines 01-02 are 27 ea and 17 ea 75-10-201007 at $41, received 0. No receipt recorded.",,,TRANSFER AP,"1767: AP Clerk: @Shawn McKibben Legacy Wire Products invoice PS-INV104085 stays on hold and is not posted. The PDF total is $2,205.72. Purchase order 59283 is open for Legacy Wire Products. No receipt recorded yet on PO 59283 for 27 ea and 17 ea 75-10-201007. Received quantity is 0. Nothing was selected. The bill stays in Transfer AP."
10565,PS-INV104086,TRANSFER AP covered 0,HOLD TRANSFER AP covered 0,"PO 59303 is open Legacy Wire Products id 7305. Line 02 is 10 ea 75-10-201007 at $41, received 0. No receipt recorded.",,,TRANSFER AP,1768: AP Clerk: @Shawn McKibben Legacy Wire Products invoice PS-INV104086 stays on hold and is not posted. The PDF total is $501.30. Purchase order 59303 is open for Legacy Wire Products. No receipt recorded yet on PO 59303 for 10 ea 75-10-201007. Received quantity is 0. Nothing was selected. The bill stays in Transfer AP.
