bill,vendor,invoice,message received time,sender,subject,current folder,current categories,document type,invoice numbers in email,KIMCO bill for each,bill attachment only own invoice,status,batch,posted,hold note,hold note still accurate,anything un-entered or wrong,recommended action,page images
10476,1327-AM CASTLE & CO,43293871,2026-07-31T05:11:01Z,southcredit@amcastle.com,A. M. Castle & Co. Payment Inquiry: KANNON MFG INC-FT WORTH #32279,Inbox,Investigating,payment inquiry with a customer statement and a lockbox payment-instruction letter,"43293871 ($645.00, PO 58407); 43295559 ($1,760.00, PO 58407)",43293871 = bill 10476; 43295559 = bill 9140 (closed),y — KIMCO file is invoice 43293871 only. Heat Z00262763 is not an invoice,HOLD,TRANSFER AP,no,y,"The note matches the bill: unposted, Transfer AP, gap $638.54, receipts not selected. The email itself is a statement, not that invoice.",Do not file this email. It is the same kind of statement/inquiry Treyce handles. The invoice PDF is already on bill 10476.,leave for Treyce/Kyle,runs/review11-2026-10-07/10476-email-2-p1.png; runs/review11-2026-10-07/10476-email-2-p2.png; runs/review11-2026-10-07/10476-email-p1.png; runs/review11-2026-10-07/10476-email-p2.png; runs/review11-2026-10-07/10476-kimco-p1.png
10468,1381-TRICOR METALS,000444279/1/202659035,2026-09-02T18:53:07Z,kstarkey@tricormetals.com,Invoice 00044427,Inbox/3 - RECEIPT INVOICE ISSUES,,invoice,"000444279/1/202659035 ($3,552.19). S043118 is the job number, not an invoice",000444279/1/202659035 = bill 10468,y — same one-page invoice,HOLD,TRANSFER AP,no,y,"Yes. Latest note: no matching PO, only the $212.19 freight is entered. Live covered is $212.19 against $3,552.19.","Material $3,340.00 is still not on the bill. The note already says that.",tag Entered in AI + move to archive,runs/review11-2026-10-07/10468-email-p1.png; runs/review11-2026-10-07/10468-kimco-p1.png
10470,"1150-RYERSON, JOSEPH T. & SON",9307057099,2026-09-05T06:29:32Z,donotreplyinvoice@ryerson.com,PO 59064 Inv# 9307057099,Inbox,,invoice,"9307057099 ($703.31, PO 59064)",9307057099 = bill 10470,y — same one-page invoice,PASS,,yes,n,"The only note says the bill is entered and is not posted. That posted line is stale. Dollars match $703.31, so it is not an open hold.",Nothing else on the email.,tag Entered in AI + move to archive,runs/review11-2026-10-07/10470-email-p1.png; runs/review11-2026-10-07/10470-kimco-p1.png
10358,1270-Greentree,112589,2026-09-08T16:49:17Z,quickbooks@notification.intuit.com,Invoice from Greentree Packaging & Lumber,Inbox,,"invoice, plus a packing slip for the same invoice","112589 ($4,304.00, PO 59073)",112589 = bill 10358,"y — KIMCO file is the invoice page only, not the packing slip",PASS,,yes,n,No Comments_1 note. None is required.,Packing slip is the same 100 pallets on 112589.,tag Entered in AI + move to archive,runs/review11-2026-10-07/10358-email-2-p1.png; runs/review11-2026-10-07/10358-email-p1.png; runs/review11-2026-10-07/10358-kimco-p1.png
10013,1020-AMERICAN QUALITY POWDERCOATING,10991,2026-09-11T18:39:08Z,quickbooks@notification.intuit.com,New payment request from AMERICAN QUALITY POWDER COATING - invoice 10991,Inbox,Entered with issues,QuickBooks payment request. The email has no PDF. The invoice PDF is on the bill.,"10991 ($199.00, named in the subject and body)",10991 = bill 10013,"y — invoice 10991 only, PO 59148, total $199.00",PASS,,yes,n,"No Comments_1 note. Header comment still says receipts were not selected. The bill is posted and matches $199.00, so that comment is stale.",Body balance due is $199.00.,tag Entered in AI + move to archive,runs/review11-2026-10-07/10013-kimco-p1.png
10471,1043-CAPITAL MACHINE TECHNOLOGIES,PS-INV103317,2026-09-11T19:11:40Z,ar@capitalmachine.com,Capital Machine - Sales Invoice PS-INV103317 - KANNON MANUFACTURING - AMTECH,Inbox,,"invoice, plus a service report and customer PO for the same $610.00 visit","PS-INV103317 ($610.00, external document 58989). The service-report filename contains S-INV102288; that string is not a second invoice on the pages.","PS-INV103317 = bill 10471. Closed bill 5694 is a different vendor (Legacy Wire, 2025-09-29, $1,195.00) that reused the number.",y — KIMCO file is the Capital sales invoice only,PASS,,yes,n,No Comments_1 note. None is required.,"Service report and PO total the same $610.00 (labor, shop supplies, travel).",tag Entered in AI + move to archive,runs/review11-2026-10-07/10471-email-2-p1.png; runs/review11-2026-10-07/10471-email-2-p2.png; runs/review11-2026-10-07/10471-email-2-p3.png; runs/review11-2026-10-07/10471-email-p1.png; runs/review11-2026-10-07/10471-kimco-p1.png
10382,1403-Green Valley Compressor LLC,2216,2026-09-11T19:36:12Z,quickbooks@notification.intuit.com,New payment request from Green Valley Compressor LLC - invoice 2216,Inbox,,invoice,"2216 ($2,306.75)",2216 = bill 10382,y — same invoice,PASS,,yes,y,"The latest note matches the posted bill: PO 59325, receipts selected, sales tax $175.80 entered, total $2,306.75. The earlier hold note is superseded.",Nothing else on the email.,tag Entered in AI + move to archive,runs/review11-2026-10-07/10382-email-p1.png; runs/review11-2026-10-07/10382-kimco-p1.png
10009,1020-AMERICAN QUALITY POWDERCOATING,11003,2026-09-15T18:10:45Z,quickbooks@notification.intuit.com,New payment request from AMERICAN QUALITY POWDER COATING - invoice 11003,Inbox,Entered with issues,QuickBooks payment request. The email has no PDF. The invoice PDF is on the bill.,"11003 ($10.00, named in the subject and body)",11003 = bill 10009,"y — invoice 11003 only, PO 59083, total $10.00",PASS,,yes,n,Notes say the price was wrong and was then fixed with purchase price variance. The bill is posted and matches $10.00. Not an open hold.,Body balance due is $10.00.,tag Entered in AI + move to archive,runs/review11-2026-10-07/10009-kimco-p1.png
10107,1098-JP STEEL,125315,2026-09-16T20:15:30Z,krista.woodruff@jpsteel.us,JP Steel Invoice# (125315) Transmission for KANNON MFG,Inbox,Entered with issues,invoice,"125315 ($693.00, PO 59128). D978297 is the heat number, not an invoice",125315 = bill 10107,y — same one-page invoice,PASS,,yes,n,No Comments_1 note. None is required.,Nothing else on the email.,tag Entered in AI + move to archive,runs/review11-2026-10-07/10107-email-p1.png; runs/review11-2026-10-07/10107-kimco-p1.png
10280,1290-Legacy Wire Products,PS-INV104046,2026-09-21T18:59:20Z,lorena@legacywireproducts.com,Legacy Wire Products - Sales Invoice PS-INV104046,Inbox,,"invoice, plus receiving-receipt scans","PS-INV104046 ($2,331.89, PO 59213). C000746 is the customer number and S-ORD102021 is the order number",PS-INV104046 = bill 10280,y — KIMCO file is sales invoice PS-INV104046 only,HOLD,TRANSFER AP,no,y,"Yes. Latest note: PO 59213 line 01, 43 of 75-10-201007, still not received. Live covered $568.89 is the freight; the $1,763.00 merchandise is still open.",Receipt scans have no text layer. They are not another invoice.,tag Entered in AI + move to archive,runs/review11-2026-10-07/10280-email-2-p1.png; runs/review11-2026-10-07/10280-email-2-p2.png; runs/review11-2026-10-07/10280-email-3-p1.png; runs/review11-2026-10-07/10280-email-3-p2.png; runs/review11-2026-10-07/10280-email-3-p3.png; runs/review11-2026-10-07/10280-email-3-p4.png; runs/review11-2026-10-07/10280-email-p1.png; runs/review11-2026-10-07/10280-kimco-p1.png
10275,1290-Legacy Wire Products,PS-INV104051,2026-09-22T13:58:43Z,lorena@legacywireproducts.com,Legacy Wire Products - Sales Invoice PS-INV104051,Inbox,,"invoice, plus receiving-receipt scans","PS-INV104051 ($743.26, PO 59213). C000746 is the customer number and S-ORD102021 is the order number",PS-INV104051 = bill 10275,y — KIMCO file is sales invoice PS-INV104051 only,HOLD,TRANSFER AP,no,y,"Yes. Latest note: PO 59213 lines for A-06809-000, 10 and 4, still not received. Live covered $127.26 is the freight; the $616.00 merchandise is still open.",Receipt scans have no text layer. They are not another invoice.,tag Entered in AI + move to archive,runs/review11-2026-10-07/10275-email-2-p1.png; runs/review11-2026-10-07/10275-email-3-p1.png; runs/review11-2026-10-07/10275-email-3-p2.png; runs/review11-2026-10-07/10275-email-3-p3.png; runs/review11-2026-10-07/10275-email-3-p4.png; runs/review11-2026-10-07/10275-email-p1.png; runs/review11-2026-10-07/10275-kimco-p1.png
